ingredient_id,ingredient_name,field,value,status,source_url,source_title,evidence,notes
297, Hamilton Petite Shrubb,percent_abv,35,ready,https://www.caribbean-spirits.com/labeldetails.php?id=116,Petite Shrubb - Caribbean Spirits,Importer product page states 35% ABV at bottling.,Exact product; leading space in DB name preserved.
392,Abasolo Whiskey,percent_abv,,unresolved,,,No matching Abasolo ABV source was located in this pass.,Exact product needs a current producer/importer source.
37,Absinthe,percent_abv,,needs_review,https://www.renedemiscault.fr/en/absinths/,Absinthe range - René de Miscault,Producer range page states different absinthes are 55–74% ABV.,Generic category; no exact brand or expression supplied.
270,Agave Nectar,percent_abv,0,modeling_default,,,Proposed nominal zero for ordinary food or nonalcoholic preparation; not a measured ABV.,Review modeling convention and actual recipe before import. Assumes no alcoholic additives and ignores trace natural ethanol; solids have no directly measured liquid ABV.
85,Aged Apple Brandy,percent_abv,,derived_parent,,,Has child ingredients in the live snapshot.,Repository migration 14 derives parent measurements using immediate-child averages; populate leaves and allow database rollup. No direct import.
574,Aged Cachaça,percent_abv,,derived_parent,,,Has child ingredients in the live snapshot.,Repository migration 14 derives parent measurements using immediate-child averages; populate leaves and allow database rollup. No direct import.
259,Alamea Spiced Rum,percent_abv,,unresolved,,,No matching Alamea Spiced Rum ABV source was located in this pass.,Exact product needs a current producer/importer source.
411,Allen's Coffee Flavored Brandy,percent_abv,30,ready,https://www.mswalker.com/wp-content/uploads/Allens-Coffee-Brandy_2020_ss-1.pdf,Allen's Coffee Brandy sell sheet,Producer sell sheet lists 30% alc/vol (60 proof).,Exact product.
8,Allspice Dram,percent_abv,,derived_parent,,,Has child ingredients in the live snapshot.,Repository migration 14 derives parent measurements using immediate-child averages; populate leaves and allow database rollup. No direct import.
536,Alma Tepec Chile Liqueur,percent_abv,40,ready,https://www.agavelux.com.au/wp-content/uploads/AgaveLux_2025_Portfolio.pdf,AgaveLux 2025 Portfolio,Importer portfolio identifies Alma Tepec Pasilla Mixe Chile Liqueur and lists 40% ABV.,Exact product; importer portfolio supports the database name.
254,Alpe Lys Amaro,percent_abv,,unresolved,,,,no exact source with ABV located.
235,Alvear Pale Cream Sherry,percent_abv,,needs_review,https://www.aecoctrade.es/es/producto/h6XBmG3KGs5NenzpT2OX22,Pale Cream 75 cl.,Exact Alvear Pale Cream product appears in retailer data; 15% was only in search result text.,snippet-only; verify label.
89,Amaro Abano,percent_abv,30,ready,https://www.luxardo.it/liqueurs-and-distillates/amaro-abano/,Amaro Abano - Luxardo,Luxardo product page lists 30% ABV.,exact product match.
269,Amaro Braulio,percent_abv,,needs_review,https://www.amarobraulio.com/production/,Amaro Braulio Production,Official production result identifies a 21% formulation; ABV was not visible in opened product page content.,market/version confirmation needed.
180,Amaro Ciociaro,percent_abv,,needs_review,,Amaro Ciociaro retail reference,Retail reference identifies an Amaro Ciociaro product; ABV was not available in opened source content.,confirm producer/version.
589,Amaro Dell'Etna,percent_abv,29,ready,https://amarodelletna.it/products/1,Amaro dell'Etna – AGROSAN SICILIA SRL,Producer page lists 29% alcohol.,exact product match.
443,Amaro Meletti,percent_abv,,needs_review,,Amaro Meletti search result,"Product identity was found; 32% appeared only in search result text, not opened source content.",snippet-only; verify label.
500,Amaro Ramazotti,percent_abv,30,ready,https://www.ramazzotti1815.com/en-us/products/amaro/,Amaro | Ramazzotti,Producer page explicitly lists 30% ABV.,database spelling omits second z; exact product match.
196,Amaro Sfumato Rabarbaro,percent_abv,20,ready,https://shop.cappellettinovasalus.it/amaro-sfumato-rabarbaro.html,Amaro Sfumato Rabarbaro,Product page lists Amaro Sfumato Rabarbaro at 20%.,exact product match.
92,Amaro Sibilla,percent_abv,,needs_review,,Amaro Sibilla search result,Official product result identifies Amaro Sibilla; 34% appeared only in search result text.,snippet-only; verify label.
202,Amaro Sibona,percent_abv,,needs_review,https://www.distilleriasibona.it/prodotti/amaro-sibona/,Amaro Sibona - Distilleria Sibona,Producer page confirms Amaro Sibona; 28% appeared in search result text but not retrieved page content.,snippet-only; verify label.
381,American Whiskey,percent_abv,,derived_parent,,,Has child ingredients in the live snapshot.,Repository migration 14 derives parent measurements using immediate-child averages; populate leaves and allow database rollup. No direct import.
76,Ancho Reyes Chile Liqueur,percent_abv,40,ready,https://www.anchoreyes.com/en-us/products/ancho-reyes-original/,Ancho Reyes Original - Ancho Reyes,Official page states Ancho Reyes Chile Liqueur is 40% alc/vol.,Exact original product.
255,Ancho Reyes Verde Chile Liqueur,percent_abv,40,ready,https://www.anchoreyes.com/en-us/products/ancho-reyes-original/,Ancho Reyes Original - Ancho Reyes,Official Ancho Reyes page identifies Verde and states Chile Liqueur is 40% alc/vol.,Exact brand expression; official page covers Verde product section.
237,Angeleno Amaro,percent_abv,,unresolved,,,,no exact source with ABV located.
257,Anise Liqueur,percent_abv,,derived_parent,,,Has child ingredients in the live snapshot.,Repository migration 14 derives parent measurements using immediate-child averages; populate leaves and allow database rollup. No direct import.
170,Apple Bitters,percent_abv,,unresolved,,,,generic bitters name; no exact producer identified.
333,Applejack,percent_abv,,derived_parent,,,Has child ingredients in the live snapshot.,Repository migration 14 derives parent measurements using immediate-child averages; populate leaves and allow database rollup. No direct import.
234,Appleton Estate 8 Year Old,percent_abv,43,ready,https://www.appletonestate.com/rums/8-year-old/,Appleton Estate 8 Year Old Reserve Rum | Appleton Estate,Producer page identifies Appleton Estate 8-Year-Old Reserve and lists ABV 43%.,Exact expression; producer page opened and verified.
440,Appleton VX,percent_abv,,unresolved,,,No matching Appleton VX source was located; Signature is a different/renamed expression.,Bottle-era identity required.
305,Apricot Eau de Vie,percent_abv,,unresolved,,,Apricot Eau de Vie is a category with many producers and strengths.,Generic spirit leaf.
607,Apricot Jam,percent_abv,0,modeling_default,,,Proposed nominal zero for ordinary food or nonalcoholic preparation; not a measured ABV.,Review modeling convention and actual recipe before import. Assumes no alcoholic additives and ignores trace natural ethanol; solids have no directly measured liquid ABV.
69,Apricot Liqueur,percent_abv,,derived_parent,,,Has child ingredients in the live snapshot.,Repository migration 14 derives parent measurements using immediate-child averages; populate leaves and allow database rollup. No direct import.
67,Aquavit,percent_abv,,unresolved,,,Aquavit is a generic category with producer and market strength variation.,Generic spirit leaf.
280,Armagnac,percent_abv,,unresolved,,,"Armagnac is an appellation/category, not a single bottling.",Generic spirit leaf.
86,Aromas De Montserrat,percent_abv,31,needs_review,https://es.wikipedia.org/wiki/Aromas_de_Montserrat,Aromas de Montserrat - Wikipedia,Reference describes the liqueur as 31° alcohol.,Secondary source only; verify against current bottle/importer.
571,Averell Damson Plum Gin Liqueur,percent_abv,33,ready,https://alpenz-download-product-talker.s3.amazonaws.com/averell_damson.one-sheet.pdf,Averell Damson Plum Gin Liqueur - product sheet,Product sheet identifies Averell Damson Gin and lists 33% Alc/Vol.,Exact product; importer product sheet.
108,Averna,percent_abv,,needs_review,https://www.amaroaverna.com/,Amaro Averna,Producer page confirms Averna; retrieved content did not expose ABV and market bottlings need verification.,confirm current market label.
289,Aveze,percent_abv,,needs_review,https://www.aveze.com/produits/aveze-18/,Aveze 18° - AVEZE,"Producer page shows an Avèze 18° variant, while the brand has multiple strength variants.",generic brand name; verify intended variant.
260,Bacardi Ocho Rum,percent_abv,40,ready,https://www.bacardilimited.com/nutrition/bacardi/,Bacardi | Nutritional Information,Corporate producer page lists BACARDI RESERVA OCHO at 40%.,Exact product; producer page opened and verified.
162,Banana,percent_abv,0,modeling_default,,,Proposed nominal zero for ordinary food or nonalcoholic preparation; not a measured ABV.,Review modeling convention and actual recipe before import. Assumes no alcoholic additives and ignores trace natural ethanol; solids have no directly measured liquid ABV.
253,Banks 5 Island Rum,percent_abv,,unresolved,,,No matching Banks 5 Island ABV source was located in this pass.,Exact product needs a current label or importer source.
348,Banks 7 Island,percent_abv,43,needs_review,https://www.ubereats.com/product/b/9cd7452e-317b-5869-a5a7-7d0d4c0bc533,Banks 7 Island Blend Golden Rum | Uber Eats,Retail listing identifies Banks 7 Island Blend at 43% ABV.,Snippet-only secondary retailer source.
554,Barbancourt White Rum,percent_abv,,unresolved,,,No matching Barbancourt White Rum ABV source was located in this pass.,Exact product needs a current producer/importer source.
649,Barbeque Bitters,percent_abv,,unresolved,,,,generic bitters name; no exact producer identified.
94,Barenjager,percent_abv,35,ready,https://barenjagerhoney.com/,Bärenjäger Honey,Producer site states original honey liqueur is 35% ABV.,Exact original product; bourbon variant also 35%.
594,Barrel-Aged Gin,percent_abv,,derived_parent,,,Has child ingredients in the live snapshot.,Repository migration 14 derives parent measurements using immediate-child averages; populate leaves and allow database rollup. No direct import.
164,Basil Leaves,percent_abv,0,modeling_default,,,Proposed nominal zero for ordinary food or nonalcoholic preparation; not a measured ABV.,Review modeling convention and actual recipe before import. Assumes no alcoholic additives and ignores trace natural ethanol; solids have no directly measured liquid ABV.
74,Batavia Arrack,percent_abv,,unresolved,,,Batavia Arrack is a generic category with multiple producers and strengths.,Generic spirit leaf.
41,Benedictine,percent_abv,40,ready,https://www.benedictinedom.com/collection/benedictine-dom/,Bénédictine D.O.M - Benedictine,Producer page lists D.O.M. at 40% alc/vol.,Exact flagship product.
486,Bergamot Bitters,percent_abv,,unresolved,,,,generic bitters name; no exact producer identified.
478,Bernheim Wheat Whiskey,percent_abv,,unresolved,,,No matching Bernheim Wheat Whiskey ABV source was located in this pass.,Exact product needs a current producer/importer source.
97,Bigallet China China,percent_abv,40,ready,https://www.bigallet.fr/produit/china-china/,China China - Bigallet,Producer page lists China China at 40% alcohol.,exact product match.
325,Bittermens Boston Bittahs,percent_abv,44,ready,https://www.webstaurantstore.com/documents/specsheets/bittermens_specsheet.pdf,Summary-Bittermens,Bittermens specification sheet lists Boston Bittahs at 44% ABV.,exact product match.
534,Bittermens Celery Shrub,percent_abv,44,needs_review,https://www.webstaurantstore.com/documents/specsheets/bittermens_specsheet.pdf,Summary-Bittermens,Bittermens specification sheet lists Orchard Street Celery Shrub at 44% Alc./Vol.,likely catalog alias for database name; confirm product naming.
256,Bittermens Citron Sauvage,percent_abv,16,ready,https://www.bittersandbottles.com/products/bittermens-citron-sauvage-liqueur,Bittermens Citron Sauvage Liqueur - Bitters & Bottles,Exact product listing gives 16% ABV.,Exact product; retailer source.
480,Bittermens New England Spiced Cranberry Bitters,percent_abv,,unresolved,,,,no opened source with ABV located.
371,Bittermens' Burlesque Bitters,percent_abv,44,ready,https://www.abc.virginia.gov/products/cordials/bittermens-burlesque-bitters?productSize=0,Bittermens Burlesque Bitters,Virginia ABC product record lists 44.0% ABV (88 proof).,exact product match.
618,Black Bottle Blended Scotch,percent_abv,,needs_review,https://blackbottle.com/products/black-bottle-blended-scotch-whisky,Black Bottle Original Blended Scotch Whisky,Producer page confirms Black Bottle Original identity but does not expose an ABV in opened content.,Value intentionally blank pending a matching market label.
46,Black Rum,percent_abv,,derived_parent,,,Has child ingredients in the live snapshot.,Repository migration 14 derives parent measurements using immediate-child averages; populate leaves and allow database rollup. No direct import.
38,Black Walnut Bitters,percent_abv,6.4,ready,https://www.feebrothers.com/recycling/black-walnut-bitters/,Black Walnut Bitters | Fee Brothers,Fee Brothers product page lists Black Walnut Bitters at 6.4% ABV.,description identifies Fee Brothers.
173,Blackberries,percent_abv,0,modeling_default,,,Proposed nominal zero for ordinary food or nonalcoholic preparation; not a measured ABV.,Review modeling convention and actual recipe before import. Assumes no alcoholic additives and ignores trace natural ethanol; solids have no directly measured liquid ABV.
179,Blackberry Liqueur,percent_abv,,needs_review,,,Generic blackberry liqueurs vary by producer and commonly range around 16–23%.,No exact brand; value withheld.
137,Blanche Armagnac,percent_abv,,unresolved,https://www.armagnac.fr/la-blanche-armagnac-aoc,La Blanche Armagnac AOC - Armagnac,Official appellation page confirms the category but not one bottling strength.,Generic appellation leaf; producer/bottle required.
28,Blended Scotch,percent_abv,,derived_parent,,,Has child ingredients in the live snapshot.,Repository migration 14 derives parent measurements using immediate-child averages; populate leaves and allow database rollup. No direct import.
230,Blood Orange Peel,percent_abv,0,modeling_default,,,Proposed nominal zero for ordinary food or nonalcoholic preparation; not a measured ABV.,Review modeling convention and actual recipe before import. Assumes no alcoholic additives and ignores trace natural ethanol; solids have no directly measured liquid ABV.
336,Blueberries,percent_abv,0,modeling_default,,,Proposed nominal zero for ordinary food or nonalcoholic preparation; not a measured ABV.,Review modeling convention and actual recipe before import. Assumes no alcoholic additives and ignores trace natural ethanol; solids have no directly measured liquid ABV.
616,Bob's Abbotts Bitters,percent_abv,,unresolved,,,,no exact source with ABV located.
617,Boker's Bitters,percent_abv,,unresolved,,,,generic/product identity not sufficiently sourced.
313,Bonal Gentiane-Quina,percent_abv,16,ready,https://alpenz.com/product-bonal.html,Haus Alpenz — Bonal Gentiane-Quina,Importer product page lists 16.0% alcohol.,exact product match.
264,Bonanto,percent_abv,,needs_review,https://www.bonanto.com/,Bonanto,Official product was found; 22% ABV appeared only in search result text.,snippet-only; verify label.
134,Boomsma Claerkampster Cloosterbitter,percent_abv,40,needs_review,https://www.astorwines.com/item/49083,Boomsma Claerkampster Cloosterbitter - Astor Wines,Exact product listing gives 40% ABV.,Conflicting retailer listing found at 30%; investigate current market label.
401,Bordiga Centum Herbis,percent_abv,28,ready,https://www.astorwines.com/item/50436,Bordiga Centum Herbis - Astor Wines,Exact product listing gives 28.00% ABV.,Exact product; secondary retailer source.
511,Bordiga Extra Dry,percent_abv,,needs_review,https://bordiga1888.it/en/prodotto/vermouth-di-torino-extra-dry-75cl/,VERMOUTH DI TORINO EXTRA DRY PGI – 75cl | Distillery Bordiga,Opened product page identifies Bordiga Extra Dry; 18% appeared only in search result text.,snippet-only; verify label.
526,Bordiga Vermouth Extra Dry,percent_abv,,needs_review,https://bordiga1888.it/en/prodotto/vermouth-di-torino-extra-dry-75cl/,VERMOUTH DI TORINO EXTRA DRY PGI – 75cl | Distillery Bordiga,Likely alias of Bordiga Vermouth di Torino Extra Dry; opened page did not expose ABV.,duplicate/alias; verify intended catalog item.
265,Branca Menta,percent_abv,,needs_review,https://www.sazerac.ie/wp-content/uploads/2022/04/219841-HS-Portfolio-combined-digital-LR2.pdf,HI-SPIRITS Ireland,Search result identifies Branca Menta at 28% ABV; PDF fetch timed out.,snippet-only; verify bottle label.
516,Brandied Cherry,percent_abv,,needs_review,,,Cherries preserved in brandy.,Need preparation; drained fruit ethanol is not equal to packing liquid ABV.
201,Brandied Cherry Syrup,percent_abv,,needs_review,,,Database describes liquid from brandied cherries.,Need brand or recipe and final liquid ABV; do not use zero.
373,Brown Sugar Cube,percent_abv,0,modeling_default,,,Proposed nominal zero for ordinary food or nonalcoholic preparation; not a measured ABV.,Review modeling convention and actual recipe before import. Assumes no alcoholic additives and ignores trace natural ethanol; solids have no directly measured liquid ABV.
18,Brucato Chapparel,percent_abv,46,ready,https://www.wine.com/product/brucato-chaparral-amaro/1510083,Brucato Chaparral Amaro - Wine.com,Exact Brucato Chaparral Amaro listing identifies the producer and gives 46% ABV.,Database spelling retained as Chapparel; source product spells Chaparral.
435,Bushmills,percent_abv,,unresolved,,,The ingredient name is a brand without a specific Bushmills expression.,Generic brand leaf; ABV varies by product.
192,Byrrh,percent_abv,18,needs_review,https://www.saq.com/en/12389578,Byrrh Grand Quinquina | Product page | SAQ.COM,Product listing gives Byrrh Grand Quinquina at 18% alcohol by volume.,database name is generic Byrrh; confirm intended bottling and market strength.
176,Cachaça,percent_abv,,unresolved,,,Cachaça is a category rather than a specific bottling.,Generic spirit leaf; no single ABV is valid.
216,Calvados,percent_abv,,unresolved,,,Calvados is an appellation/category with multiple producers and strengths.,Generic spirit leaf.
251,Cana Brava Rum,percent_abv,,unresolved,,,No matching Caña Brava ABV source was located in this pass.,Product name lacks a specific current bottling.
178,Cardamaro,percent_abv,,unresolved,,,,no exact opened source with ABV located.
541,Cardamom Bitters,percent_abv,,unresolved,,,,generic bitters name; no exact producer identified.
601,Caña Brava 7 Year,percent_abv,,unresolved,,,No single current producer product was found matching the exact Caña Brava 7 Year name.,Product identity/age may be conflated with another Caña Brava release.
619,Chai Syrup,percent_abv,0,modeling_default,https://mixology.tools/api/ingredients/619,Live ingredient description,"Stored preparation: Mix brewed chai tea 1:1 with sugar Nominal zero is an inference, not a measurement.",Review modeling convention and actual recipe before import. Assumes no alcoholic additives and ignores trace natural ethanol; solids have no directly measured liquid ABV.
153,Chambord,percent_abv,16.5,ready,https://www.chambordliqueur.com/home/,Home - Chambord Liqueur,Official site lists Chambord Black Raspberry Liqueur at 16.5% ABV.,Exact product.
262,Chareau Aloe Liqueur,percent_abv,25,ready,https://chareau.us/products/chareau,Chareau - Chareau,Producer product page lists 25% alc/vol.,Exact producer product.
60,Cherries,percent_abv,0,modeling_default,,,Proposed nominal zero for ordinary food or nonalcoholic preparation; not a measured ABV.,Review modeling convention and actual recipe before import. Assumes no alcoholic additives and ignores trace natural ethanol; solids have no directly measured liquid ABV.
605,Cherry Eau de Vie,percent_abv,,derived_parent,,,Has child ingredients in the live snapshot.,Repository migration 14 derives parent measurements using immediate-child averages; populate leaves and allow database rollup. No direct import.
487,Cherry Syrup,percent_abv,,needs_review,,,Database explicitly allows liquid from brandied cherries.,Need brand or recipe and final liquid ABV; do not use zero.
341,Chile Liqueur,percent_abv,,derived_parent,,,Has child ingredients in the live snapshot.,Repository migration 14 derives parent measurements using immediate-child averages; populate leaves and allow database rollup. No direct import.
642,Cilantro Leaves,percent_abv,0,modeling_default,,,Proposed nominal zero for ordinary food or nonalcoholic preparation; not a measured ABV.,Review modeling convention and actual recipe before import. Assumes no alcoholic additives and ignores trace natural ethanol; solids have no directly measured liquid ABV.
160,Cinnamon Syrup,percent_abv,0,modeling_default,,,Proposed nominal zero for ordinary food or nonalcoholic preparation; not a measured ABV.,Review modeling convention and actual recipe before import. Assumes no alcoholic additives and ignores trace natural ethanol; solids have no directly measured liquid ABV.
578,Citric Acid Solution,percent_abv,0,modeling_default,,,Proposed nominal zero for ordinary food or nonalcoholic preparation; not a measured ABV.,Review modeling convention and actual recipe before import. Assumes no alcoholic additives and ignores trace natural ethanol; solids have no directly measured liquid ABV.
665,Clear Creek Cherry Brandy,percent_abv,,needs_review,https://www.hrdspirits.com/clear-creek-distillery,Clear Creek Distillery | Hood River Distillers,"Input URL identifies the producer, but retrieved source does not expose the exact Cherry Brandy ABV.",Value intentionally blank pending a matching product label.
466,Clear Creek Eau de Vie de Pomme 8 year old,percent_abv,40,needs_review,https://www.caskers.com/cc-pomme/,Clear Creek Eau de Vie de Pomme | Caskers,Exact 8-year Clear Creek product listing states 80 proof (40% ABV) and warns bottle ABV may vary.,Secondary retailer source; retain review status due variation note.
323,Clear Creek Pear Brandy,percent_abv,40,needs_review,https://www.spirlix.com/spirit/clear-creek-williams-pear-brandy/,Clear Creek Williams Pear Brandy | Spirlix,Retail listing identifies Clear Creek pear brandy at 40% ABV.,Secondary retailer source; exact bottle can vary.
615,Cocchi Vermouth Amaro,percent_abv,16,ready,https://www.cocchi.it/vini/dopo-teatro-vermouth-amaro/,Dopo Teatro Vermouth Amaro - Giulio Cocchi,Cocchi product page lists 16% alcohol.,exact product match.
459,Coco Lopez,percent_abv,0,modeling_default,,,Proposed nominal zero for ordinary food or nonalcoholic preparation; not a measured ABV.,Review modeling convention and actual recipe before import. Assumes no alcoholic additives and ignores trace natural ethanol; solids have no directly measured liquid ABV.
193,Coconut MIlk,percent_abv,0,modeling_default,,,Proposed nominal zero for ordinary food or nonalcoholic preparation; not a measured ABV.,Review modeling convention and actual recipe before import. Assumes no alcoholic additives and ignores trace natural ethanol; solids have no directly measured liquid ABV.
555,Coconut Simple Syrup,percent_abv,0,modeling_default,,,Proposed nominal zero for ordinary food or nonalcoholic preparation; not a measured ABV.,Review modeling convention and actual recipe before import. Assumes no alcoholic additives and ignores trace natural ethanol; solids have no directly measured liquid ABV.
349,Cointreau Noir,percent_abv,40,ready,https://www.cointreau.com/int/en/faq,Cointreau FAQ,Official FAQ lists Cointreau Noir at 40% alcohol by volume.,Exact product.
592,Combier Framboise,percent_abv,,needs_review,https://www.combier.fr/produit/liqueur-de-framboise/,Liqueur Framboise - Combier,French producer page lists 17%; Combier USA lists the U.S. Liqueur de Framboise at 20% ABV.,Market/version conflict; U.S. source: https://www.combierusa.com/products. Verify target market before assigning a value.
405,Combier Orange Liqueur,percent_abv,40,ready,https://www.combierusa.com/products,Products - Combier USA,Combier product catalog lists its Liqueur d'Orange at 40% ABV.,Exact brand product; catalog source.
278,Combier Pamplemousse Rose,percent_abv,16,ready,https://www.combier.fr/produit/liqueur-de-pamplemousse-rose/,Liqueur Pamplemousse Rose - Combier,Producer page lists degree 16.,Exact producer product.
531,Contratto Bianco,percent_abv,,needs_review,,Contratto Bianco search result,Product identity was found; the retrieved page did not expose an ABV.,confirm current label; retailer listings commonly report 17.5%.
643,Coriander Seeds,percent_abv,0,modeling_default,,,Proposed nominal zero for ordinary food or nonalcoholic preparation; not a measured ABV.,Review modeling convention and actual recipe before import. Assumes no alcoholic additives and ignores trace natural ethanol; solids have no directly measured liquid ABV.
346,Coruba 7 years old,percent_abv,,unresolved,,,No matching Coruba 7-year ABV source was located in this pass.,Exact product needs a current label or importer source.
368,Cracked Black Pepper,percent_abv,0,modeling_default,,,Proposed nominal zero for ordinary food or nonalcoholic preparation; not a measured ABV.,Review modeling convention and actual recipe before import. Assumes no alcoholic additives and ignores trace natural ethanol; solids have no directly measured liquid ABV.
544,Cranberry Bitters,percent_abv,,unresolved,,,,generic bitters name; no exact producer identified.
172,Cream,percent_abv,0,modeling_default,,,Proposed nominal zero for ordinary food or nonalcoholic preparation; not a measured ABV.,Review modeling convention and actual recipe before import. Assumes no alcoholic additives and ignores trace natural ethanol; solids have no directly measured liquid ABV.
240,Creme de Cacao,percent_abv,,derived_parent,,,Has child ingredients in the live snapshot.,Repository migration 14 derives parent measurements using immediate-child averages; populate leaves and allow database rollup. No direct import.
184,Creme de Menthe,percent_abv,,derived_parent,,,Has child ingredients in the live snapshot.,Repository migration 14 derives parent measurements using immediate-child averages; populate leaves and allow database rollup. No direct import.
174,Cruzan Blackstrap Rum,percent_abv,,unresolved,,,No matching Cruzan Blackstrap ABV source was located in this pass.,Exact product needs a current producer/importer source.
205,Cucumber Slices,percent_abv,0,modeling_default,,,Proposed nominal zero for ordinary food or nonalcoholic preparation; not a measured ABV.,Review modeling convention and actual recipe before import. Assumes no alcoholic additives and ignores trace natural ethanol; solids have no directly measured liquid ABV.
551,Cucumber Vodka,percent_abv,,derived_parent,,,Has child ingredients in the live snapshot.,Repository migration 14 derives parent measurements using immediate-child averages; populate leaves and allow database rollup. No direct import.
410,Curry Bitters,percent_abv,,unresolved,,,,generic bitters name; no exact producer identified.
403,Cynar 70,percent_abv,,needs_review,,Cynar product search result,"Exact product references were found, but the available source content did not expose a supported ABV.",verify 70-proof bottling and market label.
109,Damiana Liqueur,percent_abv,,unresolved,,,No exact product or brand identified from the generic ingredient name.,Generic category; no exact bottle match.
681,Damson Liqueur,percent_abv,,unresolved,,,Generic damson liqueur has no exact producer or bottle match.,No exact brand.
207,Dark Creme de Cacao,percent_abv,,derived_parent,,,Has child ingredients in the live snapshot.,Repository migration 14 derives parent measurements using immediate-child averages; populate leaves and allow database rollup. No direct import.
138,Demerara Syrup,percent_abv,0,modeling_default,https://mixology.tools/api/ingredients/138,Live ingredient description,"Stored preparation: 1:1 Demerara sugar:water Nominal zero is an inference, not a measurement.",Review modeling convention and actual recipe before import. Assumes no alcoholic additives and ignores trace natural ethanol; solids have no directly measured liquid ABV.
314,Denizen Merchants Reserve 8-Year,percent_abv,43,needs_review,https://www.reddit.com/r/rum/comments/149a13l/review_091_denizen_merchants_reserve/,Review #091: Denizen Merchant's Reserve,Review identifies Denizen Merchant's Reserve and reports 43% ABV.,Snippet-only secondary source; producer page confirms blend identity but not ABV.
379,Denros Strong,percent_abv,,unresolved,,,No exact Denros Strong source was located in this pass.,Do not infer ABV from the generic product name.
627,Dewar's 12 year old,percent_abv,40,ready,https://www.dewars.com/dewars-whiskies/dewars-12-year-old-whisky/,Dewar's 12 Year Old Blended Scotch Whisky,Producer page states bottled at 40% ABV.,Exact expression; producer page opened and verified.
238,Dimmi,percent_abv,35,ready,https://www.wine.com/product/dimmi-liquore-di-milano-liqueur/535444,Dimmi Liquore di Milano Liqueur - Wine.com,Exact Dimmi Liquore di Milano listing gives 35% ABV.,Brand/product match; secondary product listing.
606,Disaronno Amaretto,percent_abv,28,ready,https://www.abc.virginia.gov/products/cordials/disaronno-amaretto?productSize=1,Disaronno Amaretto - Virginia ABC,State product page lists 28.0% ABV / 56 proof.,Exact product.
285,Doctor Bird Rum,percent_abv,50,needs_review,https://rumrunnerlabs.com/reviews/doctor-bird/,Doctor Bird | Rum Runner Labs,Review identifies Doctor Bird as Two James bottling and states 50% ABV.,Exact product identity corrected from Hamilton; secondary source.
493,Dolin Blanc Vermouth,percent_abv,,needs_review,https://www.dolin.fr/en/our-vermouths/,Dolin vermouths,Producer page confirms Dolin Blanc; ABV was not visible in retrieved page content.,confirm bottle/market; commonly listed as 16%.
81,Dolin Génépy,percent_abv,,needs_review,https://www.dolin.fr/produits/genepi-1821/,Génépi 1821 - Dolin,Producer lists 40° or 50° across Génépi expressions.,Market and expression ambiguity; do not import one value without bottle/version.
468,Domaine de Canton,percent_abv,28,needs_review,https://www.domainedecanton.com/,Domaine de Canton official site,Current official site lists 28% alc/vol.,Virginia ABC carries a 38.5% listing and older formula history; resolve market/version.
350,Don Q Pina Rum,percent_abv,30,needs_review,https://www.abc.virginia.gov/products/rum/don-q-pina,Don Q Pina | Virginia ABC,Virginia ABC product page identifies Don Q Pina and lists alcohol by volume 30.0%.,"Exact product, secondary state retailer source."
105,Donn's Spices #2,percent_abv,,needs_review,https://kindredcocktails.com/ingredient/donns-spices-2,Donn’s Spices #2 — Kindred Cocktails,Equal-volume vanilla syrup/allspice dram mixture.,ABV = (dram ABV + syrup ABV)/2 if additive volumes; need actual dram and syrup. Do not use zero.
104,Douglas Fir Eau De Vie,percent_abv,,needs_review,https://www.diffordsguide.com/beer-wine-spirits/620/clear-creek-eau-de-vie-of-douglas-fir,Clear Creek Eau de Vie of Douglas Fir | Difford's Guide,Source identifies the exact Clear Creek Douglas Fir product but does not expose an ABV in the retrieved content.,Value intentionally blank; secondary product identity only.
308,Dry Rosé Wine,percent_abv,,needs_review,,,,generic style; ABV varies by producer and vintage.
111,Dry Sherry,percent_abv,,needs_review,,,,generic style; ABV varies by producer and bottling.
231,Dubonnet Rouge,percent_abv,,needs_review,https://www.dubonnet.com/,Dubonnet,Producer site confirms Dubonnet Rouge; ABV varies by market and vintage.,market/version ambiguity; verify bottle.
396,Duquesne Eleve Sous Bois,percent_abv,,unresolved,,,No matching Duquesne Élevé Sous Bois ABV source was located in this pass.,Exact product needs a current producer/importer source.
522,Eden Heirloom Blend Ice Cider,percent_abv,,needs_review,https://www.edenciders.com/store/eden-ice-ciders/,Eden Ice Ciders,Official Eden page/PDF identifies Heirloom Blend Ice Cider; ABV line was not visible in retrieved text.,confirm current vintage label.
157,Egg White,percent_abv,0,modeling_default,,,Proposed nominal zero for ordinary food or nonalcoholic preparation; not a measured ABV.,Review modeling convention and actual recipe before import. Assumes no alcoholic additives and ignores trace natural ethanol; solids have no directly measured liquid ABV.
442,El Dorado 15-year old,percent_abv,,unresolved,,,No matching El Dorado 15-year ABV source was located in this pass.,Exact product needs a current producer/importer source.
441,El Dorado 5-year old,percent_abv,,unresolved,,,No matching El Dorado 5-year ABV source was located in this pass.,Exact product needs a current producer/importer source.
631,El Tesoro Blanco Tequila,percent_abv,40,ready,https://www.eltesorotequila.com/tequilas/el-tesoro-blanco,Premium Blanco Tequila | El Tesoro,Producer page footer states El Tesoro 100% agave tequilas are 40% Alc./Vol.,Exact expression; producer page opened and verified.
512,El Tesoro Reposado,percent_abv,40,ready,https://www.eltesorotequila.com/tequilas/el-tesoro-reposado,Premium Reposado Tequila | El Tesoro,Producer page identifies the exact Reposado; producer footer states El Tesoro 100% agave tequilas are 40% Alc./Vol.,Exact expression; producer page opened and verified.
525,Faccia Brutto Amaro Gorini,percent_abv,,needs_review,https://facciabruttospirits.com/products/amaro-gorini?variant=48322211020993,Amaro Gorini – Faccia Brutto Spirits,Producer page confirms Amaro Gorini; 22% appeared in search result text but not retrieved page content.,snippet-only; verify label.
148,Fino Sherry,percent_abv,,needs_review,,,,generic style; ABV varies by producer and bottling.
351,Forthave Spirits Red Aperitivo,percent_abv,24,ready,https://forthavespirits.com/red-aperitivo,Forthave Spirits — RED - Aperitivo,Producer page explicitly lists 24% alc./vol.,exact product match.
427,Foursquare Probitas,percent_abv,,unresolved,,,No exact Probitas ABV source was located in this pass.,Exact product needs producer/importer or matching retailer evidence.
154,Fruit / Vegetable,percent_abv,,derived_parent,,,Has child ingredients in the live snapshot.,Repository migration 14 derives parent measurements using immediate-child averages; populate leaves and allow database rollup. No direct import.
453,Fruitful Pink Guava,percent_abv,18,needs_review,https://www.marketviewliquor.com/product/fruitful-pink-guava-liqueur-ltr,Fruitful Pink Guava Liqueur - Marketview Liquor,Search extract identifies the exact Fruitful Pink Guava Liqueur listing at 18% ABV.,"Snippet-only retailer result; page returned 403 when opened, so verify the bottle."
241,Galliano,percent_abv,42.3,needs_review,https://shop.galliano.com/products/galliano-lautentico-375ml,Galliano L'Autentico - Galliano,Official product listing gives L'Autentico at 42.3% ABV.,Generic Galliano name can refer to 30% vanilla expression or other variants.
570,Galliano Ristretto Coffee Liqueur,percent_abv,30,needs_review,https://irp-cdn.multiscreensite.com/71e5e301/files/uploaded/DRINKS%20MENU%202020%20.pdf,Drinks menu listing Galliano Ristretto,Menu lists Galliano Ristretto Coffee Liqueur at 30% ABV.,Snippet-only secondary listing; verify bottle label or producer sheet.
80,Genever,percent_abv,,unresolved,,,Genever is a spirit category with many strengths and producers.,Generic spirit leaf.
245,Gentian Liqueur,percent_abv,,derived_parent,,,Has child ingredients in the live snapshot.,Repository migration 14 derives parent measurements using immediate-child averages; populate leaves and allow database rollup. No direct import.
479,George Dickel No. 12 Tennessee Whisky,percent_abv,,unresolved,,,No exact current No. 12 source was located; a George Dickel Bourbon page is a different expression.,Exact product needs a matching label or producer page.
492,Giffard Creme de Cacao Blanc,percent_abv,25,ready,https://www.giffard.jp/catalog/liqueurs-classic-creme-de-cacao/,Crème de Cacao Blanc - Giffard Japan,Official Giffard page lists alcohol degree 25%.,Exact producer product.
503,Giffard Creme de Fruits de la Passion,percent_abv,16,ready,https://www.giffardcanada.com/passion-fruit,PASSION FRUIT - Giffard,Product page lists alcohol grade 16%.,Exact producer product.
355,Giffard Crème de Pamplemousse Rose,percent_abv,16,ready,https://www.giffard.com/fr/cremes-de-fruits/424-creme-de-pamplemousse-rose.html,Crème de Pamplemousse Rose - Giffard,Producer page lists degree 16%.,Exact producer product.
448,Giffard Menthe-Pastille,percent_abv,24,ready,https://www.giffard.com/en/menthe-pastille/250-menthe-pastille-2.html,Menthe-Pastille - Giffard,Producer page identifies Menthe-Pastille and lists degree 24%.,Exact producer product.
621,Giffard Piment d'Espelette,percent_abv,40,ready,https://www.giffard.com/fr/premium/6529-piment-despelette.html,Liqueur Piment d'Espelette - Giffard,Producer page lists degree 40%.,Exact producer product.
50,Ginger Liqueur,percent_abv,,derived_parent,,,Has child ingredients in the live snapshot.,Repository migration 14 derives parent measurements using immediate-child averages; populate leaves and allow database rollup. No direct import.
315,Ginger Root,percent_abv,,derived_parent,,,Has child ingredients in the live snapshot.,Repository migration 14 derives parent measurements using immediate-child averages; populate leaves and allow database rollup. No direct import.
136,Ginger Syrup,percent_abv,0,modeling_default,https://mixology.tools/api/ingredients/136,Live ingredient description,"Stored preparation: Add two parts sugar to one part ginger juice and dissolve. Nominal zero is an inference, not a measurement.",Review modeling convention and actual recipe before import. Assumes no alcoholic additives and ignores trace natural ethanol; solids have no directly measured liquid ABV.
513,Glenlivet Founder's Reserve,percent_abv,40,ready,https://www.theglenlivet.com/en/whisky/founders-reserve-single-malt-scotch/,Founder's Reserve Smooth Scotch Whisky | The Glenlivet,Producer page lists Founder’s Reserve ABV as 40%.,Exact expression; producer page opened and verified.
91,Gran Classico,percent_abv,28,ready,https://www.tempusfugitspirits.com/products/gran-classico-bitter/,Gran Classico Bitter | Tempus Fugit Spirits,Tempus Fugit product page lists 28% ABV.,exact product match.
266,Grand Marnier,percent_abv,,needs_review,https://www.grandmarnier.com/en-us/our-collection/,Our Collection - Grand Marnier,Brand page lists the Cordon Rouge expression at 40% alc/vol.,"Generic Grand Marnier name; expression is unspecified, so verify the bottle before assigning a value."
100,Grapefruit Liqueur,percent_abv,,derived_parent,,,Has child ingredients in the live snapshot.,Repository migration 14 derives parent measurements using immediate-child averages; populate leaves and allow database rollup. No direct import.
321,Grapefruit Peel,percent_abv,0,modeling_default,,,Proposed nominal zero for ordinary food or nonalcoholic preparation; not a measured ABV.,Review modeling convention and actual recipe before import. Assumes no alcoholic additives and ignores trace natural ethanol; solids have no directly measured liquid ABV.
354,Grapefruit Syrup,percent_abv,0,modeling_default,,,Proposed nominal zero for ordinary food or nonalcoholic preparation; not a measured ABV.,Review modeling convention and actual recipe before import. Assumes no alcoholic additives and ignores trace natural ethanol; solids have no directly measured liquid ABV.
279,Grapes,percent_abv,0,modeling_default,,,Proposed nominal zero for ordinary food or nonalcoholic preparation; not a measured ABV.,Review modeling convention and actual recipe before import. Assumes no alcoholic additives and ignores trace natural ethanol; solids have no directly measured liquid ABV.
232,Grated Cinnamon,percent_abv,0,modeling_default,,,Proposed nominal zero for ordinary food or nonalcoholic preparation; not a measured ABV.,Review modeling convention and actual recipe before import. Assumes no alcoholic additives and ignores trace natural ethanol; solids have no directly measured liquid ABV.
65,Green Chartreuse,percent_abv,55,ready,https://www.chartreuse.fr/en/produit/green-chartreuse/,Green Chartreuse - Chartreuse Diffusion,Producer page lists 55% vol.,Exact producer product.
301,Green Creme de Menthe,percent_abv,,unresolved,,,Generic style has multiple brands and strengths.,No exact brand or bottle.
110,Grenadine,percent_abv,0,modeling_default,,,Proposed nominal zero for ordinary food or nonalcoholic preparation; not a measured ABV.,Review modeling convention and actual recipe before import. Assumes no alcoholic additives and ignores trace natural ethanol; solids have no directly measured liquid ABV.
452,Guava Liqueur,percent_abv,,derived_parent,,,Has child ingredients in the live snapshot.,Repository migration 14 derives parent measurements using immediate-child averages; populate leaves and allow database rollup. No direct import.
449,Guava Puree,percent_abv,0,modeling_default,,,Proposed nominal zero for ordinary food or nonalcoholic preparation; not a measured ABV.,Review modeling convention and actual recipe before import. Assumes no alcoholic additives and ignores trace natural ethanol; solids have no directly measured liquid ABV.
144,Gum Syrup,percent_abv,0,modeling_default,,,Proposed nominal zero for ordinary food or nonalcoholic preparation; not a measured ABV.,Review modeling convention and actual recipe before import. Assumes no alcoholic additives and ignores trace natural ethanol; solids have no directly measured liquid ABV.
123,Génépy,percent_abv,,derived_parent,,,Has child ingredients in the live snapshot.,Repository migration 14 derives parent measurements using immediate-child averages; populate leaves and allow database rollup. No direct import.
386,Hamilton 151-proof Demerara Rum,percent_abv,75.5,needs_review,https://www.spirlix.com/spirit/hamilton-guyana-overproof-rum/,Hamilton Overproof 151 Rum | Spirlix,Retail listing identifies Hamilton Guyana overproof rum at 75.5% ABV.,Snippet-only secondary retailer source; exact proof matches input name.
412,Hamilton Demerara 86 Proof Rum,percent_abv,43,needs_review,https://memphisrum.club/review/019,Review #019: Hamilton 86 | Memphis Rum Club,Review identifies Hamilton 86 and states 86 proof / 43% ABV.,Exact product; secondary source.
357,Hamilton Jamaica Gold,percent_abv,,unresolved,,,No matching Hamilton Jamaica Gold ABV source was located in this pass.,Exact product needs a current producer/importer source.
483,Hamilton Pimento Dram,percent_abv,30,ready,https://www.caribbean-spirits.com/prodsheet/Hamilton_Pimento_Dram_sell_sheet.pdf,Hamilton Pimento Dram sell sheet,Product sheet states bottled at 30% ABV in 750ml bottles.,Exact product; importer product sheet.
654,Hamilton St. Lucia 5 Year Old Rum,percent_abv,,unresolved,,,No matching Hamilton St. Lucia 5 Year Old ABV source was located in this pass.,Exact product needs a current producer/importer source.
365,Hella Aromatic Bitters,percent_abv,,needs_review,,HELLA Aromatic Bitters search result,Search result reports 48% ABV for HELLA Aromatic Bitters; page content was unavailable.,snippet-only; verify label or producer page.
258,Herbsaint,percent_abv,,needs_review,https://sazerac.co.uk/portfolio/herbsaint/,Herbsaint - Sazerac UK,Sazerac portfolio lists one Herbsaint expression at 50% ABV.,"Generic Herbsaint name; Original is 50% but standard bottling is 45%, so verify the bottle."
356,Hibiscus Syrup,percent_abv,0,modeling_default,,,Proposed nominal zero for ordinary food or nonalcoholic preparation; not a measured ABV.,Review modeling convention and actual recipe before import. Assumes no alcoholic additives and ignores trace natural ethanol; solids have no directly measured liquid ABV.
182,Honey,percent_abv,0,modeling_default,,,Proposed nominal zero for ordinary food or nonalcoholic preparation; not a measured ABV.,Review modeling convention and actual recipe before import. Assumes no alcoholic additives and ignores trace natural ethanol; solids have no directly measured liquid ABV.
93,Honey Syrup,percent_abv,0,modeling_default,https://mixology.tools/api/ingredients/93,Live ingredient description,"Stored preparation: 2:1 ratio of honey to water Nominal zero is an inference, not a measurement.",Review modeling convention and actual recipe before import. Assumes no alcoholic additives and ignores trace natural ethanol; solids have no directly measured liquid ABV.
82,Jaegermeister,percent_abv,35,ready,https://de.jagermeister.com/shop/jaegermeister/jaegermeister,Jägermeister Original - Jägermeister,Official product page lists 35% vol.,Exact original product.
484,Jalapeno,percent_abv,0,modeling_default,,,Proposed nominal zero for ordinary food or nonalcoholic preparation; not a measured ABV.,Review modeling convention and actual recipe before import. Assumes no alcoholic additives and ignores trace natural ethanol; solids have no directly measured liquid ABV.
161,Japanese Whisky,percent_abv,,derived_parent,,,Has child ingredients in the live snapshot.,Repository migration 14 derives parent measurements using immediate-child averages; populate leaves and allow database rollup. No direct import.
319,Juniper Berries,percent_abv,0,modeling_default,,,Proposed nominal zero for ordinary food or nonalcoholic preparation; not a measured ABV.,Review modeling convention and actual recipe before import. Assumes no alcoholic additives and ignores trace natural ethanol; solids have no directly measured liquid ABV.
225,Kalani Coconut Liqueur,percent_abv,30,ready,https://www.oldtowntequila.com/kalani-liqueur/,Casa D'Aristi Kalani Liqueur,Exact Kalani listing gives 30% alc/vol.,Exact product; retailer source.
275,Kina L'aero D'Or,percent_abv,18,ready,https://www.tempusfugitspirits.com/products/kina-laero-dor/,Kina L’aéro D’Or | Tempus Fugit Spirits,Tempus Fugit product page explicitly lists 18% ABV.,exact product match.
226,Kirschwasser,percent_abv,,unresolved,,,Kirschwasser is a category with many producers and strengths.,Generic spirit leaf.
569,Kiwi Syrup,percent_abv,0,modeling_default,,,Proposed nominal zero for ordinary food or nonalcoholic preparation; not a measured ABV.,Review modeling convention and actual recipe before import. Assumes no alcoholic additives and ignores trace natural ethanol; solids have no directly measured liquid ABV.
337,Kummel,percent_abv,,needs_review,,,Kümmel is a generic style with multiple producers and strengths.,No exact brand; value withheld.
322,Kumquats,percent_abv,0,modeling_default,,,Proposed nominal zero for ordinary food or nonalcoholic preparation; not a measured ABV.,Review modeling convention and actual recipe before import. Assumes no alcoholic additives and ignores trace natural ethanol; solids have no directly measured liquid ABV.
650,La Pivon Blanco Vermouth,percent_abv,,needs_review,,La Pivón Blanco search result,Producer page confirms the named Blanco vermouth; ABV was not visible in retrieved content.,confirm current label.
532,Lagavulin 12 year old,percent_abv,,needs_review,https://www.malts.com/en-us/products/lagavulin/lagavulin-12-year-old,Lagavulin 12 Year Old | Malts,"Producer product identity found, but current batch strength varies by release.",Cask-strength/vintage and market differences require label match.
400,Laird's Bottled in Bond Apple Brandy,percent_abv,50,ready,https://www.lairdandcompany.com/products/laird's-straight-apple-brandy-bottled-in-bond,Laird's Straight Apple Brandy Bottled in Bond | Laird & Company,Producer page states 100 proof / 50% alcohol by volume.,Exact expression; producer page opened and verified.
422,Laphroaig 10 year old,percent_abv,,needs_review,https://www.laphroaig.com/en-gb/whiskies/10-year-old,Laphroaig 10 Year Old | Laphroaig,Producer page confirms the exact age expression but does not expose a single ABV in the opened content.,Market variants are 40% or 43%; no value asserted.
370,Legendre Ojen,percent_abv,42,ready,https://www.diffordsguide.com/beer-wine-spirits/7905/legendre-ojen,Legendre Ojen - Difford's Guide,Exact Legendre Ojen listing gives 42% ABV / 84 proof.,Exact product; reliable secondary source.
292,Lemon,percent_abv,,derived_parent,,,Has child ingredients in the live snapshot.,Repository migration 14 derives parent measurements using immediate-child averages; populate leaves and allow database rollup. No direct import.
469,Lemon Curd,percent_abv,0,modeling_default,,,Proposed nominal zero for ordinary food or nonalcoholic preparation; not a measured ABV.,Review modeling convention and actual recipe before import. Assumes no alcoholic additives and ignores trace natural ethanol; solids have no directly measured liquid ABV.
455,Lemon Hart 151,percent_abv,,unresolved,,,No matching Lemon Hart 151 ABV source was located in this pass.,Exact product needs a current label or importer source.
286,Lemon Hart and Son Blackpool Spiced Rum,percent_abv,,needs_review,https://www.tastings.com/Spirits-Review/Lemon-Hart-Blackpool-Spiced-Rum-Guyana-86-Proof-04-21-2018.aspx,Lemon Hart Blackpool Spiced Rum | Tastings,"Archive source identifies the exact Lemon Hart Blackpool Spiced Rum product, but retrieved text does not expose ABV.",Value intentionally blank pending a matching label.
293,Lemon Peel,percent_abv,0,modeling_default,,,Proposed nominal zero for ordinary food or nonalcoholic preparation; not a measured ABV.,Review modeling convention and actual recipe before import. Assumes no alcoholic additives and ignores trace natural ethanol; solids have no directly measured liquid ABV.
309,Lemon Syrup,percent_abv,0,modeling_default,,,Proposed nominal zero for ordinary food or nonalcoholic preparation; not a measured ABV.,Review modeling convention and actual recipe before import. Assumes no alcoholic additives and ignores trace natural ethanol; solids have no directly measured liquid ABV.
565,Lemon Verbena Liqueur,percent_abv,,derived_parent,,,Has child ingredients in the live snapshot.,Repository migration 14 derives parent measurements using immediate-child averages; populate leaves and allow database rollup. No direct import.
159,Lemon Wedges,percent_abv,0,modeling_default,,,Proposed nominal zero for ordinary food or nonalcoholic preparation; not a measured ABV.,Review modeling convention and actual recipe before import. Assumes no alcoholic additives and ignores trace natural ethanol; solids have no directly measured liquid ABV.
632,Lemon Wheel,percent_abv,0,modeling_default,,,Proposed nominal zero for ordinary food or nonalcoholic preparation; not a measured ABV.,Review modeling convention and actual recipe before import. Assumes no alcoholic additives and ignores trace natural ethanol; solids have no directly measured liquid ABV.
340,Lemongrass Syrup,percent_abv,0,modeling_default,,,Proposed nominal zero for ordinary food or nonalcoholic preparation; not a measured ABV.,Review modeling convention and actual recipe before import. Assumes no alcoholic additives and ignores trace natural ethanol; solids have no directly measured liquid ABV.
506,Leopold Bros. Michigan Tart Cherry Liqueur,percent_abv,20,ready,https://www.highendliquor.com/products/leopold-bros-michigan-tart-cherry-liqueur-750ml,Leopold Bros. Michigan Tart Cherry Liqueur - High End Liquor,Exact product page lists Alcohol by Volume 20.0%.,Exact product; secondary retailer source.
572,Letherbee Fernet,percent_abv,35,ready,https://www.letherbee.com/products/p/letherbee-fernet,Letherbee Fernet — Letherbee,"Producer page lists 70 proof, equivalent to 35% ABV.",exact product match.
183,Lime,percent_abv,,derived_parent,,,Has child ingredients in the live snapshot.,Repository migration 14 derives parent measurements using immediate-child averages; populate leaves and allow database rollup. No direct import.
246,Lime Bitters,percent_abv,21.1,needs_review,https://www.feebrothers.com/recycling/lime-bitters/,Lime Bitters | Fee Brothers,Fee Brothers product page lists Lime Bitters at 21.1% ABV.,database name omits producer; value applies to Fee Brothers match.
413,Lime Hull,percent_abv,0,modeling_default,https://mixology.tools/api/ingredients/413,Live ingredient description,"Stored preparation: What remains after juicing a lime. Nominal zero is an inference, not a measurement.",Review modeling convention and actual recipe before import. Assumes no alcoholic additives and ignores trace natural ethanol; solids have no directly measured liquid ABV.
229,Lime Peel,percent_abv,0,modeling_default,,,Proposed nominal zero for ordinary food or nonalcoholic preparation; not a measured ABV.,Review modeling convention and actual recipe before import. Assumes no alcoholic additives and ignores trace natural ethanol; solids have no directly measured liquid ABV.
244,Lime Vodka,percent_abv,,unresolved,,,Lime Vodka is a generic style name with no producer or bottling.,Generic spirit leaf.
288,Lime Wedges,percent_abv,0,modeling_default,,,Proposed nominal zero for ordinary food or nonalcoholic preparation; not a measured ABV.,Review modeling convention and actual recipe before import. Assumes no alcoholic additives and ignores trace natural ethanol; solids have no directly measured liquid ABV.
310,Lime Wheels,percent_abv,0,modeling_default,,,Proposed nominal zero for ordinary food or nonalcoholic preparation; not a measured ABV.,Review modeling convention and actual recipe before import. Assumes no alcoholic additives and ignores trace natural ethanol; solids have no directly measured liquid ABV.
414,Lime Zest,percent_abv,0,modeling_default,,,Proposed nominal zero for ordinary food or nonalcoholic preparation; not a measured ABV.,Review modeling convention and actual recipe before import. Assumes no alcoholic additives and ignores trace natural ethanol; solids have no directly measured liquid ABV.
398,Lo-Fi Gentian Amaro,percent_abv,,needs_review,https://www.lofiaperitifs.com/our-aperitifs.html,Our Aperitifs | Lo-Fi Aperitifs,Producer page confirms Lo-Fi Gentian Amaro; ABV was not visible in retrieved content.,confirm current label.
458,Lustau Capataz Andres Cream Sherry,percent_abv,20,ready,https://lustau.es/en/shop/sherry-wines/solera-familiar-en/lustau-cream-capataz-andres/,Cream Capataz Andrés - Bodegas Lustau,Lustau product page explicitly lists 20% alcohol.,exact product match.
548,Lustau Rojo,percent_abv,,needs_review,https://lustau.es/en/shop/vermouth/lustau-vermut-rojo/,Lustau Vermut Rojo,Official product page confirms Lustau Vermut Rojo; ABV was not visible in retrieved page content.,confirm current market label; commonly listed as 15%.
420,Lustau Vermut Bianco,percent_abv,,needs_review,https://lustau.es/en/shop/vermouth/lustau-vermut-bianco/,Lustau Vermut Bianco,Official product page confirms the named vermouth; ABV was not visible in retrieved page content.,confirm current market label.
608,Luxardo Apricot Albicocca Liqueur,percent_abv,30,ready,https://www.luxardo.it/wp-content/uploads/2019/06/Scheda-Apricot-Liqueur.pdf,Apricot Liqueur - Luxardo product sheet,Manufacturer sheet lists alcohol strength 30% alc/vol.,Exact producer product.
304,Luxardo Bitter,percent_abv,,needs_review,https://www.luxardo.it/liqueurs-and-distillates/bitter/,Bitter - Luxardo,Official Luxardo page confirms the Bitter product; 25% appeared only in search result text.,snippet-only; verify label.
463,Macadamia Nut Orgeat,percent_abv,,derived_parent,,,Has child ingredients in the live snapshot.,Repository migration 14 derives parent measurements using immediate-child averages; populate leaves and allow database rollup. No direct import.
586,Macchu Pisco,percent_abv,40,needs_review,https://mwlpdx.com/wp-content/uploads/2020/09/beverage-menu-9.23.pdf,Beverage menu,Menu lists Macchu Pisco at 40% ABV.,Snippet-only secondary source.
481,Madeira,percent_abv,,needs_review,,,,generic wine style; ABV varies by producer and sweetness/style.
539,Maggie's Farm Falernum,percent_abv,25,ready,https://maggiesfarmrum.com/products/falernum-liqueur,Maggie's Farm Falernum Liqueur,"Producer product title states 50 proof, equivalent to 25% ABV.",Exact producer product.
98,Maison Ferrand Mathilde Poire,percent_abv,18,ready,https://bevmo.com/products/32737,Mathilde Liqueur Poire - BevMo,Exact Mathilde Poire listing gives 18.0% ABV.,Exact product; retailer source.
299,maleza hierbas bitters,percent_abv,,unresolved,,,,generic bitters name; no exact producer identified.
220,Mandarin Vodka,percent_abv,,unresolved,,,Mandarin Vodka is a generic style name with no producer or bottling.,Generic spirit leaf.
450,Mango Puree,percent_abv,0,modeling_default,,,Proposed nominal zero for ordinary food or nonalcoholic preparation; not a measured ABV.,Review modeling convention and actual recipe before import. Assumes no alcoholic additives and ignores trace natural ethanol; solids have no directly measured liquid ABV.
430,Manischewitz,percent_abv,,needs_review,,,,brand/style name lacks exact product and market; verify bottle.
206,Manzanilla Sherry,percent_abv,,needs_review,,,,generic style; ABV varies by producer and bottling.
191,Maple Syrup,percent_abv,0,modeling_default,,,Proposed nominal zero for ordinary food or nonalcoholic preparation; not a measured ABV.,Review modeling convention and actual recipe before import. Assumes no alcoholic additives and ignores trace natural ethanol; solids have no directly measured liquid ABV.
16,Maraschino Liqueur,percent_abv,32,needs_review,https://www.luxardo.it/liqueurs-and-distillates/maraschino-originale/,Maraschino Originale - Luxardo,Producer lists Luxardo Maraschino at 32% ABV.,Generic name has multiple producers/market strengths; Luxardo is a reference match only.
460,Martini & Rossi Riserva Speciale Ambrato Vermouth,percent_abv,,needs_review,https://shop.martini.com/products/martini-riserva-speciale-range,MARTINI Riserva Speciale range,"Official shop identifies the Ambrato range; ABV was present only in search result text, not opened page content.",snippet-only; verify market bottle.
461,Martini & Rossi Riserva Speciale Rubino Vermouth,percent_abv,,needs_review,https://shop.martini.com/products/martini-riserva-speciale-range,MARTINI Riserva Speciale range,"Official shop identifies the Rubino range; ABV was present only in search result text, not opened page content.",snippet-only; verify market bottle.
429,Martini Bitter,percent_abv,,unresolved,,,,generic product name; exact bottling and ABV not sufficiently sourced.
428,Martini Riserva Speciale Bitter,percent_abv,,needs_review,https://shop.martini.com/products/martini-riserva-bitter-1,MARTINI RISERVA SPECIALE BITTER – Casa MARTINI,Official shop identifies the exact product; 28.5% appeared only in search result text.,snippet-only; verify market bottle.
276,Mattei Cap Corse Rouge,percent_abv,,unresolved,,,,no reliable exact source with ABV located.
374,Maurin Quina,percent_abv,16,ready,https://www.astorwines.com/item/25202,Maurin Quina | Astor Wines & Spirits,Exact product listing gives 16.00% ABV.,exact named product; secondary retailer source.
504,Meletti 1870 Bitter,percent_abv,25,ready,https://www.opiciwinesandspirits.com/wp-content/uploads/meletti_1870_fs.pdf,meletti_1870_fs,Product technical sheet lists Meletti 1870 Bitter at 25% ABV.,exact product match.
78,Mezcal,percent_abv,,unresolved,,,Mezcal is a category with producer and bottling strength variation.,Generic spirit leaf.
320,Mint,percent_abv,,derived_parent,,,Has child ingredients in the live snapshot.,Repository migration 14 derives parent measurements using immediate-child averages; populate leaves and allow database rollup. No direct import.
21,Mint Leaves,percent_abv,0,modeling_default,,,Proposed nominal zero for ordinary food or nonalcoholic preparation; not a measured ABV.,Review modeling convention and actual recipe before import. Assumes no alcoholic additives and ignores trace natural ethanol; solids have no directly measured liquid ABV.
282,Mint Sprigs,percent_abv,0,modeling_default,,,Proposed nominal zero for ordinary food or nonalcoholic preparation; not a measured ABV.,Review modeling convention and actual recipe before import. Assumes no alcoholic additives and ignores trace natural ethanol; solids have no directly measured liquid ABV.
361,Mint Syrup,percent_abv,0,modeling_default,,,Proposed nominal zero for ordinary food or nonalcoholic preparation; not a measured ABV.,Review modeling convention and actual recipe before import. Assumes no alcoholic additives and ignores trace natural ethanol; solids have no directly measured liquid ABV.
583,Miro Rosso Vermouth,percent_abv,,unresolved,,,,no exact source with ABV located.
287,Mister Bitters Fig & Cinnamon Bitters,percent_abv,,needs_review,https://www.danmurphys.com.au/product/DM_ER_1000002957_1MRBTFIGC,Mister Bitters Fig & Cinnamon 100ml,Retail listings disagree between 39% and 32% ABV for this product.,market/version conflict; verify package.
190,Mole Bitters,percent_abv,53,needs_review,https://www.webstaurantstore.com/documents/specsheets/bittermens_specsheet.pdf,Summary-Bittermens,Bittermens specification sheet lists Xocolatl Mole Bitters at 53% Alc./Vol.,database name omits Bittermens/Xocolatl product identity; confirm intended product.
597,Mommenpop Ruby Grapefruit,percent_abv,17,ready,https://mommenpop.com/products/grapefruit,Mommenpop Ruby Grapefruit,Producer page lists 17% ABV.,Exact producer product.
667,Moscatel Sherry,percent_abv,,needs_review,,,,generic style; ABV varies by producer and bottling.
347,Mount Gay XO,percent_abv,,needs_review,https://www.mountgayrum.com/rum/xo/,Mount Gay Rum | XO,Producer page confirms the exact XO product but does not expose an ABV in opened content.,Value intentionally blank pending a matching product label.
456,Myers's Rum,percent_abv,,unresolved,,,No matching Myers's Rum ABV source was located in this pass.,Brand name is broad; exact expression required.
362,Naranja Orange Liqueur,percent_abv,40,ready,https://www.abc.virginia.gov/products/cordials/naranja-orange-liqueur,Naranja Orange Liqueur - Virginia ABC,State product page lists 40.0% ABV.,Exact product match.
298,Neisson Elevé Sous Bois,percent_abv,,needs_review,https://neisson.com/nos-rhums/nos-rhums-eleves-sous-bois/,Nos Rhums Elevés sous Bois | Neisson,Producer page confirms the exact Élevé Sous Bois family but does not expose one ABV for the product variant.,Value intentionally blank because the family has variant strengths.
521,Neisson Rhum Agricole Blanc,percent_abv,,unresolved,https://neisson.com/nos-rhums/,Nos Rhums | Neisson,"Producer lists white Neisson at several strengths including 50%, 52.5%, and 55%.",Generic white-rum name does not identify strength.
595,Neversink Reserve Barrel-Aged Gin,percent_abv,46,needs_review,https://media-cdn.getbento.com/accounts/06829b64ceae0ecc13d77d54e40189d8/media/YG63vnKXRt6oViAFrjdg_2023%20website%20spirits%20library.pdf,2023 Website Spirits Library,Spirits library identifies Neversink Reserve as apple-based and barrel-aged at 46% ABV.,Snippet-only secondary catalog; producer page confirms Neversink gin family.
514,New Grove Plantation White Rum,percent_abv,,unresolved,,,No matching New Grove Plantation White Rum ABV source was located in this pass.,Exact product naming is region-sensitive.
519,Noble Oak Double Oak Bourbon,percent_abv,45,needs_review,https://www.nobleoak.com/en-us/double-oak-bourbon,Noble Oak Double Oak Bourbon,Producer search result gives ABV 45% for the named Double Oak Bourbon.,Producer result was found but page returned 404 when opened; retain for review.
491,Noilly Prat Extra Dry,percent_abv,18,ready,https://www.noillyprat.com/extra-dry-vermouth/,Noilly Prat Extra Dry Vermouth 18% ABV,Producer page explicitly lists 18% ABV.,exact product match.
602,Novo Fogo Barrel-Aged Cachaça,percent_abv,40,ready,https://novofogo.com/organic-cachacas/,Organic Cachaças - Novo Fogo,Producer page lists Barrel-Aged Cachaça at 40% ABV.,Exact expression; producer page opened and verified.
518,Novo Fogo Silver Cachaça,percent_abv,40,ready,https://novofogo.com/all-cachaca-products/silver-cachaca/,Silver Cachaça - Novo Fogo,Producer page lists Silver Cachaça at 40% ABV.,Exact expression; producer page opened and verified.
367,Nutmeg,percent_abv,0,modeling_default,,,Proposed nominal zero for ordinary food or nonalcoholic preparation; not a measured ABV.,Review modeling convention and actual recipe before import. Assumes no alcoholic additives and ignores trace natural ethanol; solids have no directly measured liquid ABV.
436,Old Grand-dad 100 proof,percent_abv,50,needs_review,https://www.abc.virginia.gov/library/products/pdfs/quarterly-price-list-january-2024.pdf,Virginia ABC quarterly price list,Exact Old Grand-Dad 100 product is listed at 100 proof.,Secondary state listing; exact proof is clear but producer page was not located.
397,Old Raj 110-proof gin,percent_abv,55,ready,https://www.cadenhead.scot/our-spirits/cadenheads-gin/,Cadenhead's Gin | Old Raj,Producer page states Old Raj is available at 55% ABV as the 110-proof variant.,Exact strength variant; producer page opened and verified.
462,Olive Brine,percent_abv,,needs_review,,,Generic olive brine; no product specified.,Fermentation/vinegar formulation can vary; need product or explicit modeling convention.
150,Oloroso Sherry,percent_abv,,needs_review,,,,generic style; ABV varies by producer and bottling.
338,Orange,percent_abv,,derived_parent,,,Has child ingredients in the live snapshot.,Repository migration 14 derives parent measurements using immediate-child averages; populate leaves and allow database rollup. No direct import.
175,Orange Flower Water,percent_abv,,needs_review,https://nielsenmassey.com/products/orange-blossom-water/,Nielsen-Massey Orange Blossom Water,Producer sells a specific orange blossom water formulation.,Need actual brand and numeric ABV; water distillation description alone does not prove zero.
547,Orange Marmalade,percent_abv,0,modeling_default,,,Proposed nominal zero for ordinary food or nonalcoholic preparation; not a measured ABV.,Review modeling convention and actual recipe before import. Assumes no alcoholic additives and ignores trace natural ethanol; solids have no directly measured liquid ABV.
302,Orange Peel,percent_abv,0,modeling_default,,,Proposed nominal zero for ordinary food or nonalcoholic preparation; not a measured ABV.,Review modeling convention and actual recipe before import. Assumes no alcoholic additives and ignores trace natural ethanol; solids have no directly measured liquid ABV.
530,Orange Vodka,percent_abv,,unresolved,,,Orange Vodka is a generic style name with no producer or bottling.,Generic spirit leaf.
339,Orange Wheel,percent_abv,0,modeling_default,,,Proposed nominal zero for ordinary food or nonalcoholic preparation; not a measured ABV.,Review modeling convention and actual recipe before import. Assumes no alcoholic additives and ignores trace natural ethanol; solids have no directly measured liquid ABV.
140,Orgeat,percent_abv,,needs_review,,,Generic orgeat has no recipe in this database.,Need recipe/product; extracts or added spirits can introduce alcohol.
464,Orgeat Works Macadamia Nut Syrup,percent_abv,,unresolved,https://orgeatworks.com/,Orgeat Works,Producer homepage located; accessible text gives no numeric ABV.,Need product label/specification for macadamia syrup; do not assume preservative-free.
156,Other,percent_abv,,derived_parent,,,Has child ingredients in the live snapshot.,Repository migration 14 derives parent measurements using immediate-child averages; populate leaves and allow database rollup. No direct import.
393,Owney's Original Rum,percent_abv,,unresolved,,,No matching Owney's Original Rum ABV source was located in this pass.,Exact product needs a current producer/importer source.
324,Palo Cortado Sherry,percent_abv,,needs_review,,,,generic style; ABV varies by producer and bottling.
472,Pama Pomegranate Liqueuer,percent_abv,17,ready,https://www.pamaliqueur.com/,PAMA Pomegranate Flavored Liqueur,Producer site lists PAMA at 17% alc/vol.,Database spelling retained.
610,Passion Fruit,percent_abv,0,modeling_default,,,Proposed nominal zero for ordinary food or nonalcoholic preparation; not a measured ABV.,Review modeling convention and actual recipe before import. Assumes no alcoholic additives and ignores trace natural ethanol; solids have no directly measured liquid ABV.
43,Passion Fruit Honey,percent_abv,0,modeling_default,https://mixology.tools/api/ingredients/43,Live ingredient description,"Stored preparation: Mix equal parts by volume passion fruit juice or puree and honey Nominal zero is an inference, not a measurement.",Review modeling convention and actual recipe before import. Assumes no alcoholic additives and ignores trace natural ethanol; solids have no directly measured liquid ABV.
250,Passionfruit Liqueur,percent_abv,,derived_parent,,,Has child ingredients in the live snapshot.,Repository migration 14 derives parent measurements using immediate-child averages; populate leaves and allow database rollup. No direct import.
263,Passionfruit Puree,percent_abv,0,modeling_default,,,Proposed nominal zero for ordinary food or nonalcoholic preparation; not a measured ABV.,Review modeling convention and actual recipe before import. Assumes no alcoholic additives and ignores trace natural ethanol; solids have no directly measured liquid ABV.
227,Passionfruit Syrup,percent_abv,0,modeling_default,,,Proposed nominal zero for ordinary food or nonalcoholic preparation; not a measured ABV.,Review modeling convention and actual recipe before import. Assumes no alcoholic additives and ignores trace natural ethanol; solids have no directly measured liquid ABV.
557,Passoa Passionfruit Liqueur,percent_abv,15,needs_review,https://www.passoa.com/fr/produit,Passoã - official French product page,Official French page states 15% alcohol.,Market listings include 20%; verify market label.
79,Pastis,percent_abv,,unresolved,,,Pastis is a generic category with many brands and strengths.,No exact brand or bottle.
575,Patrón Citrónge,percent_abv,30,needs_review,https://www.patrontequila.com/products/patron-citronge-orange-liqueur.html,Citrónge Orange - Patrón,Official current Orange product page lists 30% ABV.,Citrónge has market/variant history at 35% and 40%; exact expression needed.
473,Peach,percent_abv,,derived_parent,,,Has child ingredients in the live snapshot.,Repository migration 14 derives parent measurements using immediate-child averages; populate leaves and allow database rollup. No direct import.
294,Peach Bitters,percent_abv,,unresolved,,,,generic bitters name; no exact producer identified.
496,Peach Juice,percent_abv,0,modeling_default,,,Proposed nominal zero for ordinary food or nonalcoholic preparation; not a measured ABV.,Review modeling convention and actual recipe before import. Assumes no alcoholic additives and ignores trace natural ethanol; solids have no directly measured liquid ABV.
465,Peach Preserves,percent_abv,0,modeling_default,,,Proposed nominal zero for ordinary food or nonalcoholic preparation; not a measured ABV.,Review modeling convention and actual recipe before import. Assumes no alcoholic additives and ignores trace natural ethanol; solids have no directly measured liquid ABV.
474,Peach Puree,percent_abv,0,modeling_default,,,Proposed nominal zero for ordinary food or nonalcoholic preparation; not a measured ABV.,Review modeling convention and actual recipe before import. Assumes no alcoholic additives and ignores trace natural ethanol; solids have no directly measured liquid ABV.
188,Pear Brandy,percent_abv,,derived_parent,,,Has child ingredients in the live snapshot.,Repository migration 14 derives parent measurements using immediate-child averages; populate leaves and allow database rollup. No direct import.
515,Pere Labat Rhum 40,percent_abv,40,needs_review,https://www.rocksteadyspirits.com/products/pere-labat-blanc-40,Père Labat Blanc 40% | Rocksteady Spirits,Exact Père Labat Blanc 40 product listing states 40% ABV.,Exact expression; secondary retailer source.
129,Peychaud's Bitters,percent_abv,,needs_review,https://www.sazerac.ie/wp-content/uploads/2022/04/219841-HS-Portfolio-combined-digital-LR2.pdf,HI-SPIRITS Ireland,Search result identifies Peychaud's Bitters at 35% ABV; PDF fetch timed out.,snippet-only; verify bottle label or opened importer source.
596,Pikesville Rye,percent_abv,55,needs_review,https://www.abc.virginia.gov/library/products/pdfs/quarterly-price-list-january-2024.pdf,Virginia ABC quarterly price list,"State product list identifies Pikesville Rye at 110 proof, equivalent to 55% ABV.","Secondary state listing; exact product and proof match, but current label should be checked."
527,Pineapple,percent_abv,,derived_parent,,,Has child ingredients in the live snapshot.,Repository migration 14 derives parent measurements using immediate-child averages; populate leaves and allow database rollup. No direct import.
372,Pineapple Cube,percent_abv,0,modeling_default,,,Proposed nominal zero for ordinary food or nonalcoholic preparation; not a measured ABV.,Review modeling convention and actual recipe before import. Assumes no alcoholic additives and ignores trace natural ethanol; solids have no directly measured liquid ABV.
102,Pineapple Rum,percent_abv,,derived_parent,,,Has child ingredients in the live snapshot.,Repository migration 14 derives parent measurements using immediate-child averages; populate leaves and allow database rollup. No direct import.
528,Pineapple Slice,percent_abv,0,modeling_default,,,Proposed nominal zero for ordinary food or nonalcoholic preparation; not a measured ABV.,Review modeling convention and actual recipe before import. Assumes no alcoholic additives and ignores trace natural ethanol; solids have no directly measured liquid ABV.
99,Pineapple Syrup,percent_abv,0,modeling_default,,,Proposed nominal zero for ordinary food or nonalcoholic preparation; not a measured ABV.,Review modeling convention and actual recipe before import. Assumes no alcoholic additives and ignores trace natural ethanol; solids have no directly measured liquid ABV.
252,Plantation 3 Star Rum,percent_abv,,unresolved,,,No matching Plantation 3 Star ABV source was located in this pass.,Brand was renamed Planteray; exact label required.
537,Plantation Barbados 5 year-old,percent_abv,,unresolved,,,No matching Plantation Barbados 5-year ABV source was located in this pass.,Brand was renamed Planteray; exact label required.
261,Plantation Jamaica Rum,percent_abv,,unresolved,,,The name does not identify a single Plantation/Planteray Jamaica release.,Generic product name; Jamaican releases have different strengths.
385,Plantation OFTD,percent_abv,69,needs_review,https://cocktailwonk.com/2018/01/oftd-deconstructed.html,Plantation O.F.T.D. Overproof | Cocktail Wonk,Review identifies Plantation O.F.T.D. and states 69% ABV.,Brand renamed from Plantation; secondary source.
283,Plantation Original Dark Rum,percent_abv,,unresolved,,,No matching Plantation Original Dark ABV source was located in this pass.,Brand was renamed Planteray; exact label required.
268,Plantation Stiggins' Fancy Pineapple Rum,percent_abv,40,needs_review,https://www.hiltongardeninn.fo/wp-content/uploads/2024/01/Aperitif-Bar-Menu.pdf,Aperitif Bar Menu,Menu lists Plantation Stiggins Fancy Pineapple at 40% ABV.,Snippet-only secondary source; brand has since been renamed Planteray.
358,Plantation Xaymaca,percent_abv,43,needs_review,https://rumshopboy.com/2018/08/18/plantation-xaymaca-special-dry-rum/,Plantation Xaymaca Special Dry Rum | RumShopBoy,Review identifies Xaymaca Special Dry and states 43% ABV.,Brand renamed from Plantation; secondary source.
236,Plum Wine,percent_abv,,needs_review,,,,generic style; ABV varies widely by producer and bottling.
471,Pomegranate Liqueur,percent_abv,,derived_parent,,,Has child ingredients in the live snapshot.,Repository migration 14 derives parent measurements using immediate-child averages; populate leaves and allow database rollup. No direct import.
169,Pomegranate Molasses,percent_abv,0,modeling_default,,,Proposed nominal zero for ordinary food or nonalcoholic preparation; not a measured ABV.,Review modeling convention and actual recipe before import. Assumes no alcoholic additives and ignores trace natural ethanol; solids have no directly measured liquid ABV.
568,Pomegranate Shrub,percent_abv,,needs_review,,,Generic pomegranate shrub; no recipe supplied.,Vinegar residual ethanol and recipe can vary; choose recipe/product.
425,Pueblo Viejo Blanco,percent_abv,,needs_review,https://tequilapuebloviejo.com/us/our_products.html,Pueblo Viejo Our Products,Producer page identifies the exact Blanco product but retrieved content does not expose ABV.,Value intentionally blank pending a matching product label.
88,Rabarbaro Zucca Amaro,percent_abv,30,ready,https://www.abc.virginia.gov/products/cordials/zucca-rabarbaro,Zucca Rabarbaro,Virginia ABC product record lists 30% alcohol by volume.,exact product match.
408,Ramazzotti Aperitivo Rosato,percent_abv,15,ready,https://www.ramazzotti1815.com/en-us/products/aperitivo-rosato/,Aperitivo Rosato | Ramazzotti,Producer page explicitly lists 15% ABV.,exact product match.
630,Ransom Dry Gin,percent_abv,,needs_review,https://ransomspirits.com/products/ransom-dry-gin,Ransom Dry Gin | Ransom Spirits,Producer page confirms exact product identity but opened content does not expose ABV.,No value asserted because generic gin strength cannot be assumed.
577,Ransom Dry Vermouth,percent_abv,,needs_review,,Ransom Dry Vermouth search result,Importer/retailer materials identify the product; cited 18.4% figure came from an unavailable PDF.,snippet-only; verify label.
382,Ransom WhipperSnapper,percent_abv,42,needs_review,https://www.tastings.com/Spirits-Review/Ransom-WhipperSnapper-Oregon-Spirit-Whiskey-USA-84-Proof-03-01-2013.aspx,Ransom WhipperSnapper Oregon Spirit Whiskey | Tastings,Tastings archive identifies Ransom WhipperSnapper Oregon Spirit Whiskey at 42% alcohol.,Exact Ransom product; secondary archival page opened. Current bottling should be checked.
187,Raspberries,percent_abv,0,modeling_default,,,Proposed nominal zero for ordinary food or nonalcoholic preparation; not a measured ABV.,Review modeling convention and actual recipe before import. Assumes no alcoholic additives and ignores trace natural ethanol; solids have no directly measured liquid ABV.
233,Raspberry Jam,percent_abv,0,modeling_default,,,Proposed nominal zero for ordinary food or nonalcoholic preparation; not a measured ABV.,Review modeling convention and actual recipe before import. Assumes no alcoholic additives and ignores trace natural ethanol; solids have no directly measured liquid ABV.
152,Raspberry Liqueur,percent_abv,,derived_parent,,,Has child ingredients in the live snapshot.,Repository migration 14 derives parent measurements using immediate-child averages; populate leaves and allow database rollup. No direct import.
603,Raspberry Shrub,percent_abv,,needs_review,,,Generic raspberry shrub; no recipe supplied.,Vinegar residual ethanol and recipe can vary; choose recipe/product.
247,Raspberry Syrup,percent_abv,0,modeling_default,,,Proposed nominal zero for ordinary food or nonalcoholic preparation; not a measured ABV.,Review modeling convention and actual recipe before import. Assumes no alcoholic additives and ignores trace natural ethanol; solids have no directly measured liquid ABV.
360,Real McCoy 3 year old,percent_abv,,unresolved,,,No matching Real McCoy 3-year ABV source was located in this pass.,Exact product needs a current producer/importer source.
542,Real McCoy 5 year-old,percent_abv,,unresolved,,,No matching Real McCoy 5-year ABV source was located in this pass.,Exact product needs a current producer/importer source.
604,Red Currant Preserves,percent_abv,0,modeling_default,,,Proposed nominal zero for ordinary food or nonalcoholic preparation; not a measured ABV.,Review modeling convention and actual recipe before import. Assumes no alcoholic additives and ignores trace natural ethanol; solids have no directly measured liquid ABV.
59,Redbreast 12 Year Old,percent_abv,,unresolved,,,No matching source was located for the exact Redbreast 12 bottle in this pass.,Exact product requires a current producer/importer source.
66,Reposado Tequila,percent_abv,,derived_parent,,,Has child ingredients in the live snapshot.,Repository migration 14 derives parent measurements using immediate-child averages; populate leaves and allow database rollup. No direct import.
103,Rhubarb Syrup,percent_abv,0,modeling_default,,,Proposed nominal zero for ordinary food or nonalcoholic preparation; not a measured ABV.,Review modeling convention and actual recipe before import. Assumes no alcoholic additives and ignores trace natural ethanol; solids have no directly measured liquid ABV.
561,Rhum Damoiseau Blanc 40%,percent_abv,40,ready,https://rhum-damoiseau.com/rhums-classiques/rhum-blanc-40/,Rhum blanc 40° | Les Rhums Damoiseau,Producer page labels the exact white rum 40°.,Exact expression; producer page opened and verified.
20,Rich Demerara Syrup,percent_abv,0,modeling_default,https://mixology.tools/api/ingredients/20,Live ingredient description,"Stored preparation: Mix two parts demerara sugar to one part water and boil to dissolve Nominal zero is an inference, not a measurement.",Review modeling convention and actual recipe before import. Assumes no alcoholic additives and ignores trace natural ethanol; solids have no directly measured liquid ABV.
217,Rich Simple Syrup,percent_abv,0,modeling_default,https://mixology.tools/api/ingredients/217,Live ingredient description,"Stored preparation: 2:1 sugar:water Nominal zero is an inference, not a measurement.",Review modeling convention and actual recipe before import. Assumes no alcoholic additives and ignores trace natural ethanol; solids have no directly measured liquid ABV.
377,Rieger's Kansas City Whiskey,percent_abv,46,ready,https://www.jriegerco.com/our-spirits,"Award-Winning Whiskey, Gin & Spirits | J. Rieger & Co.",Producer collection lists Kansas City Whiskey at 46% ABV / 92 proof.,Exact expression; producer page opened and verified.
593,Rivers Antoine Rum,percent_abv,,unresolved,,,No matching Rivers Antoine ABV source was located in this pass.,Exact product needs a current producer/importer source.
682,Rose Syrup,percent_abv,0,modeling_default,,,Proposed nominal zero for ordinary food or nonalcoholic preparation; not a measured ABV.,Review modeling convention and actual recipe before import. Assumes no alcoholic additives and ignores trace natural ethanol; solids have no directly measured liquid ABV.
380,Rose Water,percent_abv,,needs_review,https://nielsenmassey.com/products/rose-water/,Nielsen-Massey Rose Water,Producer ingredient list includes cane alcohol.,Generic floral water may be alcohol-based; no ABV established for actual ingredient. Do not default to zero.
629,Rothman & Winter Orchard Apricot,percent_abv,24,ready,https://abc2.nc.gov/Pricing/ViewItemDetails/150082,Rothman & Winter Orchard Apricot - NC ABC,"State product page lists 48 proof, equivalent to 24% ABV.",Exact product match.
614,Rothman and Winter Creme de Violette,percent_abv,20,ready,https://www.abc.virginia.gov/products/cordials/rothman--winter-creme-de-violette-liqueur?productSize=0,Rothman & Winter Creme De Violette - Virginia ABC,State product page gives 20.0% ABV (40 proof).,Exact product match.
623,Rum Bar Jamaican Gold Rum,percent_abv,,unresolved,,,No matching Rum-Bar Jamaican Gold ABV source was retained in this pass.,Exact product needs a current producer/importer source.
564,Rum-Bar Jamaican Gold Rum,percent_abv,,unresolved,,,No matching Rum-Bar Jamaican Gold ABV source was retained in this pass.,Duplicate brand name under a different taxonomy parent; exact label required.
388,Russell's Reserve 10-year old,percent_abv,45,ready,https://www.russellsreserve.com/our-products/10-year-old-bourbon/,Russell's Reserve 10 Year Old Bourbon | Russell's Reserve,Producer page identifies the 10-year bourbon as 90 proof; converted to 45% ABV.,Exact branded expression; producer page opened and verified.
584,Russell's Reserve Single Barrel Rye,percent_abv,52,ready,https://www.russellsreserve.com/our-products/single-barrel-rye/,Russell's Reserve Single Barrel Rye Whiskey | Russell's Reserve,Producer page states individually bottled at 104 proof; converted to 52% ABV.,Exact branded expression; producer page opened and verified.
620,Saffron Syrup,percent_abv,0,modeling_default,,,Proposed nominal zero for ordinary food or nonalcoholic preparation; not a measured ABV.,Review modeling convention and actual recipe before import. Assumes no alcoholic additives and ignores trace natural ethanol; solids have no directly measured liquid ABV.
482,Sake,percent_abv,,unresolved,,,,generic beverage name; ABV varies by producer and type.
212,Salers,percent_abv,16,needs_review,https://vedrenne.fr/en/salers/,Salers - Vedrenne,"Producer states final products are 16%, 20% or 25% ABV; 16% is flagship.",Expression/cork-color ambiguity.
158,Saline Solution,percent_abv,0,modeling_default,https://mixology.tools/api/ingredients/158,Live ingredient description,"Stored preparation: Dissolve 20g salt in 100 mL water for a 20% (w/v) solution. Nominal zero is an inference, not a measurement.",Review modeling convention and actual recipe before import. Assumes no alcoholic additives and ignores trace natural ethanol; solids have no directly measured liquid ABV.
312,San Zanj Haitian Rum,percent_abv,,unresolved,,,No matching San Zanj ABV source was located in this pass.,Exact product needs a current producer/importer source.
271,Santa Teresa 1796 Rum,percent_abv,,needs_review,https://www.santateresarum.com/faq/,FAQ | Santa Teresa 1796,"Producer FAQ confirms the Venezuelan rum denomination has a 40% minimum, but does not state the exact bottle ABV.",Exact expression; value intentionally blank because a minimum is not an exact product value.
342,Scrappy's Firewater Tincture,percent_abv,44.3,ready,https://www.scrappysbitters.com/bitters/firewater-bitters,Fire Tincture - Scrappy's Bitters,Producer page lists Fire Tincture at 44.3% ABV.,Exact producer product.
567,Shrub,percent_abv,,derived_parent,,,Has child ingredients in the live snapshot.,Repository migration 14 derives parent measurements using immediate-child averages; populate leaves and allow database rollup. No direct import.
566,Sidetrack Lemon Verbena Liqueur,percent_abv,40,needs_review,https://www.cnsimports.com/wp-content/uploads/2020/07/Wine-Spirits-Catalog_2020_S.pdf,CNS Wine & Spirits Catalog,Search extract identifies the exact Sidetrack Lemon Verbena Liqueur listing at 40% ABV.,Snippet-only/legacy importer catalog URL now redirects to a general portfolio page; verify bottle or current importer sheet.
553,Siete Leguas Blanco Tequila,percent_abv,,needs_review,https://tienda.tequilasieteleguas.com/collections/all,Tequila Siete Leguas,Producer shop identity source lists Siete Leguas products but retrieved content does not expose Blanco ABV.,Value intentionally blank pending a matching product label.
14,Simple Syrup,percent_abv,0,modeling_default,https://mixology.tools/api/ingredients/14,Live ingredient description,"Stored preparation: 1:1 mixture of sugar and water, heated and dissolved. Nominal zero is an inference, not a measurement.",Review modeling convention and actual recipe before import. Assumes no alcoholic additives and ignores trace natural ethanol; solids have no directly measured liquid ABV.
432,Sirene Canto Amaro,percent_abv,27,ready,https://static1.squarespace.com/static/51b7f731e4b0d95bdfe6da39/t/64cae05f5063cc421fc93f16/1691017313093/Sirene%2BCanto%2BAmaro%2BTech%2BSheet.pdf,Sirene Canto Amaro Tech Sheet,Technical sheet lists finished ABV of 27%.,exact product match.
332,Slices Ginger Root,percent_abv,0,modeling_default,,,Proposed nominal zero for ordinary food or nonalcoholic preparation; not a measured ABV.,Review modeling convention and actual recipe before import. Assumes no alcoholic additives and ignores trace natural ethanol; solids have no directly measured liquid ABV.
376,Slices Peach,percent_abv,0,modeling_default,,,Proposed nominal zero for ordinary food or nonalcoholic preparation; not a measured ABV.,Review modeling convention and actual recipe before import. Assumes no alcoholic additives and ignores trace natural ethanol; solids have no directly measured liquid ABV.
407,Sloe Gin,percent_abv,,derived_parent,,,Has child ingredients in the live snapshot.,Repository migration 14 derives parent measurements using immediate-child averages; populate leaves and allow database rollup. No direct import.
107,Solerno,percent_abv,40,ready,https://www.abc.virginia.gov/products/cordials/solerno-blood-orange-liqueur,Solerno Blood Orange Liqueur - Virginia ABC,State product page lists 40.0% ABV.,Exact product match.
165,Sorghum Syrup,percent_abv,0,modeling_default,https://mixology.tools/api/ingredients/165,Live ingredient description,"Stored preparation: Mix 1 part boiling water to 3 parts sorghum syrup Nominal zero is an inference, not a measurement.",Review modeling convention and actual recipe before import. Assumes no alcoholic additives and ignores trace natural ethanol; solids have no directly measured liquid ABV.
27,Spiced Simple Syrup,percent_abv,0,modeling_default,https://mixology.tools/api/ingredients/27,Live ingredient description,"Stored preparation: Mix 1/2 C turbinado sugar with 1/2 C water; bring to a simmer and add: 2 cinnamon sticks, 4 star anise, 4 cardamom pods, and 10 allspice berries. Simmer 20 minutes and strain. Nominal zero is an inference, not a measurement.",Review modeling convention and actual recipe before import. Assumes no alcoholic additives and ignores trace natural ethanol; solids have no directly measured liquid ABV.
366,Spices,percent_abv,,derived_parent,,,Has child ingredients in the live snapshot.,Repository migration 14 derives parent measurements using immediate-child averages; populate leaves and allow database rollup. No direct import.
476,Sprig Rosemary,percent_abv,0,modeling_default,,,Proposed nominal zero for ordinary food or nonalcoholic preparation; not a measured ABV.,Review modeling convention and actual recipe before import. Assumes no alcoholic additives and ignores trace natural ethanol; solids have no directly measured liquid ABV.
470,Sprig Thyme,percent_abv,0,modeling_default,,,Proposed nominal zero for ordinary food or nonalcoholic preparation; not a measured ABV.,Review modeling convention and actual recipe before import. Assumes no alcoholic additives and ignores trace natural ethanol; solids have no directly measured liquid ABV.
552,Square One Cucumber Vodka,percent_abv,,unresolved,,,No matching Square One Cucumber ABV source was located in this pass.,Exact product needs a current producer/importer source.
9,St. Elizabeth Allspice Dram,percent_abv,32,needs_review,https://www.abc.virginia.gov/products/cordials/st-elizabeth-allspice-dram,St. Elizabeth Allspice Dram - Virginia ABC,Current state product page lists 32% ABV.,Older importer sheet lists 22.5%; verify current bottle/market.
243,St. George California Citrus Vodka,percent_abv,40,ready,https://stgeorgespirits.com/spirits/california-citrus-vodka,California Citrus Vodka | St. George Spirits,Producer page lists California Citrus Vodka ABV as 40%.,Exact expression; producer page opened and verified.
550,St. George Spiced Pear Liqueur,percent_abv,20,ready,https://stgeorgespirits.com/spirits/spiced-pear-liqueur,Spiced Pear Liqueur - St. George Spirits,Producer states pear juice brings product to 20% ABV.,Exact producer product.
353,St. George Terroir,percent_abv,45,ready,https://stgeorgespirits.com/spirits/terroir-gin,Terroir Gin | St. George Spirits,Producer page lists Terroir Gin ABV as 45%.,Exact expression; producer page opened and verified.
155,Strawberries,percent_abv,0,modeling_default,,,Proposed nominal zero for ordinary food or nonalcoholic preparation; not a measured ABV.,Review modeling convention and actual recipe before import. Assumes no alcoholic additives and ignores trace natural ethanol; solids have no directly measured liquid ABV.
498,Strawberry Juice,percent_abv,0,modeling_default,,,Proposed nominal zero for ordinary food or nonalcoholic preparation; not a measured ABV.,Review modeling convention and actual recipe before import. Assumes no alcoholic additives and ignores trace natural ethanol; solids have no directly measured liquid ABV.
330,Strawberry Syrup,percent_abv,0,modeling_default,,,Proposed nominal zero for ordinary food or nonalcoholic preparation; not a measured ABV.,Review modeling convention and actual recipe before import. Assumes no alcoholic additives and ignores trace natural ethanol; solids have no directly measured liquid ABV.
612,Strucchi Bianco Vermouth,percent_abv,16,ready,https://strucchi.land/products/,Strucchi.land,Strucchi product listing gives Bianco Vermouth as 16% ABV.,exact product match.
563,Strucchi Bitter,percent_abv,27,ready,https://strucchi.land/products/,Strucchi.land,Strucchi product listing gives Bitter Vermouth as 27% ABV.,exact product match.
611,Strucchi Dry Vermouth,percent_abv,18,ready,https://strucchi.land/products/,Strucchi.land,Strucchi product listing gives Dry Vermouth as 18% ABV.,exact product match.
562,Strucchi Red Vermouth,percent_abv,16,ready,https://strucchi.land/products/,Strucchi.land,Strucchi product listing gives Rosso Vermouth as 16% ABV.,exact product match.
194,Sugar,percent_abv,,derived_parent,,,Has child ingredients in the live snapshot.,Repository migration 14 derives parent measurements using immediate-child averages; populate leaves and allow database rollup. No direct import.
375,Sugar Cube,percent_abv,0,modeling_default,,,Proposed nominal zero for ordinary food or nonalcoholic preparation; not a measured ABV.,Review modeling convention and actual recipe before import. Assumes no alcoholic additives and ignores trace natural ethanol; solids have no directly measured liquid ABV.
195,Suze,percent_abv,15,needs_review,https://www.pernod-ricard.com/en/brands/suze,Suze - Pernod Ricard,Producer page lists Suze L'Originale at 15% ABV and other Suze expressions at 36% and 47%.,Market/expression ambiguity; 20% export versions also reported.
328,Swedish Punsch,percent_abv,25,needs_review,https://en.wikipedia.org/wiki/Punsch,Punsch - Wikipedia,Reference describes Swedish punsch as usually 25% ABV.,Generic style; bottlings vary and no exact producer supplied.
228,Sweetened Coconut Cream,percent_abv,,derived_parent,,,Has child ingredients in the live snapshot.,Repository migration 14 derives parent measurements using immediate-child averages; populate leaves and allow database rollup. No direct import.
451,Sweetened Ginger Juice,percent_abv,0,modeling_default,https://mixology.tools/api/ingredients/451,Live ingredient description,"Stored preparation: Mix 4 parts ginger juice to 3 parts sugar Nominal zero is an inference, not a measurement.",Review modeling convention and actual recipe before import. Assumes no alcoholic additives and ignores trace natural ethanol; solids have no directly measured liquid ABV.
576,Talisker 10-year old,percent_abv,45.8,needs_review,https://lacons.co.uk/wp-content/uploads/2022/02/lacons-brewery-trade-portfolio.pdf,Whisky trade portfolio,Trade portfolio lists Talisker 10 Year Old at 45.8% ABV.,Snippet-only secondary source; verify market bottle before import.
457,Tempus Fugit Creme de Cacao,percent_abv,24,ready,https://www.tempusfugitspirits.com/products/creme-de-cacao/,Crème de Cacao - Tempus Fugit Spirits,Producer product page lists 24% ABV / 48 proof.,Exact producer product.
502,Tempus Fugit Creme de Menthe,percent_abv,28,ready,https://www.tempusfugitspirits.com/products/creme-de-menthe-glaciale/,Crème de Menthe Glaciale - Tempus Fugit Spirits,Producer page lists 28% ABV / 56 proof.,Exact producer product.
556,Ten to One Caribbean White Rum,percent_abv,,needs_review,,,The product is known to have market/label strength differences; no matching retrieved source was retained.,Value intentionally blank; do not assume 40% (some references indicate 45%).
499,Ten To One Dark,percent_abv,,unresolved,,,No matching Ten To One Dark ABV source was located in this pass.,Exact product needs a current producer/importer source.
284,Tiki Bitters,percent_abv,44,needs_review,https://www.webstaurantstore.com/documents/specsheets/bittermens_specsheet.pdf,Summary-Bittermens,Bittermens specification sheet lists Tiki/Elemakule Bitters at 44% ABV.,database name omits Bittermens brand; confirm intended product.
402,Toki,percent_abv,,unresolved,,,"The retrieved Suntory result was Toki Black, a different expression; no matching standard Toki ABV source was retained.",Market-specific label required.
426,Triple Syrup,percent_abv,0,modeling_default,https://mixology.tools/api/ingredients/426,Live ingredient description,"Stored preparation: 1 part simple syrup
½ part agave syrup
¼ part honey syrup   Nominal zero is an inference, not a measurement.",Review modeling convention and actual recipe before import. Assumes no alcoholic additives and ignores trace natural ethanol; solids have no directly measured liquid ABV.
383,Turbinado Syrup,percent_abv,0,modeling_default,,,Proposed nominal zero for ordinary food or nonalcoholic preparation; not a measured ABV.,Review modeling convention and actual recipe before import. Assumes no alcoholic additives and ignores trace natural ethanol; solids have no directly measured liquid ABV.
573,Unaged Cachaça,percent_abv,,derived_parent,,,Has child ingredients in the live snapshot.,Repository migration 14 derives parent measurements using immediate-child averages; populate leaves and allow database rollup. No direct import.
467,Unsweetened Coconut Cream,percent_abv,0,modeling_default,,,Proposed nominal zero for ordinary food or nonalcoholic preparation; not a measured ABV.,Review modeling convention and actual recipe before import. Assumes no alcoholic additives and ignores trace natural ethanol; solids have no directly measured liquid ABV.
454,Vanilla Extract,percent_abv,35,needs_review,https://nielsenmassey.com/products/tahitian-pure-vanilla-extract-gallons-and-drums/,Nielsen-Massey Tahitian Pure Vanilla Extract,Producer gives alcohol 35% for this named extract.,Example product only; database says generic Vanilla Extract. Confirm actual brand and strength.
558,Vanilla Sugar,percent_abv,0,modeling_default,https://mixology.tools/api/ingredients/558,Live ingredient description,"Stored preparation: Blend a vanilla bean with 2.5 cups of sugar and sieve. Nominal zero is an inference, not a measurement.",Review modeling convention and actual recipe before import. Assumes no alcoholic additives and ignores trace natural ethanol; solids have no directly measured liquid ABV.
120,Vanilla Syrup,percent_abv,0,modeling_default,https://mixology.tools/api/ingredients/120,Live ingredient description,"Stored preparation: Mix 1 cup sugar and 1 cup water with a vanilla bean, split in half. Simmer for 20 minutes, cool, and strain. Nominal zero is an inference, not a measurement.",Review modeling convention and actual recipe before import. Assumes no alcoholic additives and ignores trace natural ethanol; solids have no directly measured liquid ABV.
248,Verjus,percent_abv,,derived_parent,,,Has child ingredients in the live snapshot.,Repository migration 14 derives parent measurements using immediate-child averages; populate leaves and allow database rollup. No direct import.
329,Verjus Blanc,percent_abv,,needs_review,,,Generic verjus; no product specified.,Need product specification for residual alcohol; do not infer from unfermented name alone.
208,Watermelon Juice,percent_abv,0,modeling_default,,,Proposed nominal zero for ordinary food or nonalcoholic preparation; not a measured ABV.,Review modeling convention and actual recipe before import. Assumes no alcoholic additives and ignores trace natural ethanol; solids have no directly measured liquid ABV.
409,Watermelon Syrup,percent_abv,0,modeling_default,,,Proposed nominal zero for ordinary food or nonalcoholic preparation; not a measured ABV.,Review modeling convention and actual recipe before import. Assumes no alcoholic additives and ignores trace natural ethanol; solids have no directly measured liquid ABV.
477,Wheat Whiskey,percent_abv,,derived_parent,,,Has child ingredients in the live snapshot.,Repository migration 14 derives parent measurements using immediate-child averages; populate leaves and allow database rollup. No direct import.
133,White Creme De Cacao,percent_abv,,derived_parent,,,Has child ingredients in the live snapshot.,Repository migration 14 derives parent measurements using immediate-child averages; populate leaves and allow database rollup. No direct import.
300,White Creme de Menthe,percent_abv,,derived_parent,,,Has child ingredients in the live snapshot.,Repository migration 14 derives parent measurements using immediate-child averages; populate leaves and allow database rollup. No direct import.
406,Woody Creek Rye,percent_abv,,unresolved,,,No matching Woody Creek Rye source was located in this pass.,Exact product needs producer/importer or label evidence.
40,Yellow Chartreuse,percent_abv,43,ready,https://www.chartreuse.fr/en/produit/yellow-chartreuse/,Yellow Chartreuse - Chartreuse Diffusion,Producer page lists 43% vol.,Exact producer product.
87,Zwack Unicum,percent_abv,,needs_review,https://zwackunicum.hu/portfolio/unicum/,Unicum | Zwack Unicum,Official product result identifies Unicum; 40% appeared only in search result text and the live site was age-gated.,snippet-only; verify label.
